[debug] [2025-04-06T01:29:45.823Z] ----------------------------------------------------------------------
[debug] [2025-04-06T01:29:45.827Z] Command:       C:\Program Files\nodejs\node.exe C:\Users\Renan\Documents\Renan\ABNT\React_Prototype\node_modules\firebase-tools\lib\bin\firebase.js deploy --only functions
[debug] [2025-04-06T01:29:45.827Z] CLI Version:   14.1.0
[debug] [2025-04-06T01:29:45.828Z] Platform:      win32
[debug] [2025-04-06T01:29:45.828Z] Node Version:  v22.14.0
[debug] [2025-04-06T01:29:45.828Z] Time:          Sat Apr 05 2025 22:29:45 GMT-0300 (Horário Padrão de Brasília)
[debug] [2025-04-06T01:29:45.828Z] ----------------------------------------------------------------------
[debug] 
[debug] [2025-04-06T01:29:46.098Z] > command requires scopes: ["email","openid","https://www.googleapis.com/auth/cloudplatformprojects.readonly","https://www.googleapis.com/auth/firebase","https://www.googleapis.com/auth/cloud-platform"]
[debug] [2025-04-06T01:29:46.099Z] > authorizing via signed-in user (renanbinda1@gmail.com)
[debug] [2025-04-06T01:29:46.099Z] [iam] checking project lefulsite-aaafc for permissions ["cloudfunctions.functions.create","cloudfunctions.functions.delete","cloudfunctions.functions.get","cloudfunctions.functions.list","cloudfunctions.functions.update","cloudfunctions.operations.get","firebase.projects.get"]
[debug] [2025-04-06T01:29:46.100Z] Checked if tokens are valid: true, expires at: 1743905889762
[debug] [2025-04-06T01:29:46.100Z] Checked if tokens are valid: true, expires at: 1743905889762
[debug] [2025-04-06T01:29:46.102Z] >>> [apiv2][query] POST https://cloudresourcemanager.googleapis.com/v1/projects/lefulsite-aaafc:testIamPermissions [none]
[debug] [2025-04-06T01:29:46.102Z] >>> [apiv2][(partial)header] POST https://cloudresourcemanager.googleapis.com/v1/projects/lefulsite-aaafc:testIamPermissions x-goog-quota-user=projects/lefulsite-aaafc
[debug] [2025-04-06T01:29:46.102Z] >>> [apiv2][body] POST https://cloudresourcemanager.googleapis.com/v1/projects/lefulsite-aaafc:testIamPermissions {"permissions":["cloudfunctions.functions.create","cloudfunctions.functions.delete","cloudfunctions.functions.get","cloudfunctions.functions.list","cloudfunctions.functions.update","cloudfunctions.operations.get","firebase.projects.get"]}
[debug] [2025-04-06T01:29:47.594Z] <<< [apiv2][status] POST https://cloudresourcemanager.googleapis.com/v1/projects/lefulsite-aaafc:testIamPermissions 200
[debug] [2025-04-06T01:29:47.594Z] <<< [apiv2][body] POST https://cloudresourcemanager.googleapis.com/v1/projects/lefulsite-aaafc:testIamPermissions {"permissions":["cloudfunctions.functions.create","cloudfunctions.functions.delete","cloudfunctions.functions.get","cloudfunctions.functions.list","cloudfunctions.functions.update","cloudfunctions.operations.get","firebase.projects.get"]}
[debug] [2025-04-06T01:29:47.595Z] Checked if tokens are valid: true, expires at: 1743905889762
[debug] [2025-04-06T01:29:47.595Z] Checked if tokens are valid: true, expires at: 1743905889762
[debug] [2025-04-06T01:29:47.595Z] >>> [apiv2][query] POST https://iam.googleapis.com/v1/projects/lefulsite-aaafc/serviceAccounts/lefulsite-aaafc@appspot.gserviceaccount.com:testIamPermissions [none]
[debug] [2025-04-06T01:29:47.595Z] >>> [apiv2][body] POST https://iam.googleapis.com/v1/projects/lefulsite-aaafc/serviceAccounts/lefulsite-aaafc@appspot.gserviceaccount.com:testIamPermissions {"permissions":["iam.serviceAccounts.actAs"]}
[debug] [2025-04-06T01:29:48.772Z] <<< [apiv2][status] POST https://iam.googleapis.com/v1/projects/lefulsite-aaafc/serviceAccounts/lefulsite-aaafc@appspot.gserviceaccount.com:testIamPermissions 404
[debug] [2025-04-06T01:29:48.772Z] <<< [apiv2][body] POST https://iam.googleapis.com/v1/projects/lefulsite-aaafc/serviceAccounts/lefulsite-aaafc@appspot.gserviceaccount.com:testIamPermissions {"error":{"code":404,"message":"Unknown service account","status":"NOT_FOUND"}}
[debug] [2025-04-06T01:29:48.774Z] [functions] service account IAM check errored, deploy may fail: Request to https://iam.googleapis.com/v1/projects/lefulsite-aaafc/serviceAccounts/lefulsite-aaafc@appspot.gserviceaccount.com:testIamPermissions had HTTP Error: 404, Unknown service account {"name":"FirebaseError","children":[],"context":{"body":{"error":{"code":404,"message":"Unknown service account","status":"NOT_FOUND"}},"response":{"statusCode":404}},"exit":1,"message":"Request to https://iam.googleapis.com/v1/projects/lefulsite-aaafc/serviceAccounts/lefulsite-aaafc@appspot.gserviceaccount.com:testIamPermissions had HTTP Error: 404, Unknown service account","status":404}
[info] 
[info] === Deploying to 'lefulsite-aaafc'...
[info] 
[info] i  deploying functions 
[debug] [2025-04-06T01:29:48.793Z] Checked if tokens are valid: true, expires at: 1743905889762
[debug] [2025-04-06T01:29:48.793Z] Checked if tokens are valid: true, expires at: 1743905889762
[debug] [2025-04-06T01:29:48.793Z] >>> [apiv2][query] GET https://cloudresourcemanager.googleapis.com/v1/projects/lefulsite-aaafc [none]
[debug] [2025-04-06T01:29:49.021Z] <<< [apiv2][status] GET https://cloudresourcemanager.googleapis.com/v1/projects/lefulsite-aaafc 200
[debug] [2025-04-06T01:29:49.021Z] <<< [apiv2][body] GET https://cloudresourcemanager.googleapis.com/v1/projects/lefulsite-aaafc {"projectNumber":"609477753752","projectId":"lefulsite-aaafc","lifecycleState":"ACTIVE","name":"lefulsite","labels":{"firebase":"enabled","firebase-core":"disabled"},"createTime":"2025-04-03T17:14:40.213070Z"}
[info] i  functions: preparing codebase default for deployment 
[info] i  functions: ensuring required API cloudfunctions.googleapis.com is enabled... 
[debug] [2025-04-06T01:29:49.024Z] Checked if tokens are valid: true, expires at: 1743905889762
[debug] [2025-04-06T01:29:49.024Z] Checked if tokens are valid: true, expires at: 1743905889762
[debug] [2025-04-06T01:29:49.024Z] Checked if tokens are valid: true, expires at: 1743905889762
[debug] [2025-04-06T01:29:49.025Z] Checked if tokens are valid: true, expires at: 1743905889762
[info] i  functions: ensuring required API cloudbuild.googleapis.com is enabled... 
[debug] [2025-04-06T01:29:49.025Z] Checked if tokens are valid: true, expires at: 1743905889762
[debug] [2025-04-06T01:29:49.026Z] Checked if tokens are valid: true, expires at: 1743905889762
[info] i  artifactregistry: ensuring required API artifactregistry.googleapis.com is enabled... 
[debug] [2025-04-06T01:29:49.026Z] Checked if tokens are valid: true, expires at: 1743905889762
[debug] [2025-04-06T01:29:49.027Z] Checked if tokens are valid: true, expires at: 1743905889762
[debug] [2025-04-06T01:29:49.027Z] >>> [apiv2][query] GET https://serviceusage.googleapis.com/v1/projects/lefulsite-aaafc/services/cloudfunctions.googleapis.com [none]
[debug] [2025-04-06T01:29:49.027Z] >>> [apiv2][(partial)header] GET https://serviceusage.googleapis.com/v1/projects/lefulsite-aaafc/services/cloudfunctions.googleapis.com x-goog-quota-user=projects/lefulsite-aaafc
[debug] [2025-04-06T01:29:49.030Z] >>> [apiv2][query] GET https://serviceusage.googleapis.com/v1/projects/lefulsite-aaafc/services/runtimeconfig.googleapis.com [none]
[debug] [2025-04-06T01:29:49.030Z] >>> [apiv2][(partial)header] GET https://serviceusage.googleapis.com/v1/projects/lefulsite-aaafc/services/runtimeconfig.googleapis.com x-goog-quota-user=projects/lefulsite-aaafc
[debug] [2025-04-06T01:29:49.032Z] >>> [apiv2][query] GET https://serviceusage.googleapis.com/v1/projects/lefulsite-aaafc/services/cloudbuild.googleapis.com [none]
[debug] [2025-04-06T01:29:49.032Z] >>> [apiv2][(partial)header] GET https://serviceusage.googleapis.com/v1/projects/lefulsite-aaafc/services/cloudbuild.googleapis.com x-goog-quota-user=projects/lefulsite-aaafc
[debug] [2025-04-06T01:29:49.034Z] >>> [apiv2][query] GET https://serviceusage.googleapis.com/v1/projects/lefulsite-aaafc/services/artifactregistry.googleapis.com [none]
[debug] [2025-04-06T01:29:49.034Z] >>> [apiv2][(partial)header] GET https://serviceusage.googleapis.com/v1/projects/lefulsite-aaafc/services/artifactregistry.googleapis.com x-goog-quota-user=projects/lefulsite-aaafc
[debug] [2025-04-06T01:29:50.406Z] <<< [apiv2][status] GET https://serviceusage.googleapis.com/v1/projects/lefulsite-aaafc/services/runtimeconfig.googleapis.com 200
[debug] [2025-04-06T01:29:50.407Z] <<< [apiv2][body] GET https://serviceusage.googleapis.com/v1/projects/lefulsite-aaafc/services/runtimeconfig.googleapis.com [omitted]
[debug] [2025-04-06T01:29:50.408Z] <<< [apiv2][status] GET https://serviceusage.googleapis.com/v1/projects/lefulsite-aaafc/services/cloudbuild.googleapis.com 200
[debug] [2025-04-06T01:29:50.408Z] <<< [apiv2][body] GET https://serviceusage.googleapis.com/v1/projects/lefulsite-aaafc/services/cloudbuild.googleapis.com [omitted]
[info] +  functions: required API cloudbuild.googleapis.com is enabled 
[debug] [2025-04-06T01:29:50.411Z] <<< [apiv2][status] GET https://serviceusage.googleapis.com/v1/projects/lefulsite-aaafc/services/cloudfunctions.googleapis.com 200
[debug] [2025-04-06T01:29:50.412Z] <<< [apiv2][body] GET https://serviceusage.googleapis.com/v1/projects/lefulsite-aaafc/services/cloudfunctions.googleapis.com [omitted]
[info] +  functions: required API cloudfunctions.googleapis.com is enabled 
[debug] [2025-04-06T01:29:50.415Z] <<< [apiv2][status] GET https://serviceusage.googleapis.com/v1/projects/lefulsite-aaafc/services/artifactregistry.googleapis.com 200
[debug] [2025-04-06T01:29:50.415Z] <<< [apiv2][body] GET https://serviceusage.googleapis.com/v1/projects/lefulsite-aaafc/services/artifactregistry.googleapis.com [omitted]
[info] +  artifactregistry: required API artifactregistry.googleapis.com is enabled 
[debug] [2025-04-06T01:29:50.416Z] Checked if tokens are valid: true, expires at: 1743905889762
[debug] [2025-04-06T01:29:50.416Z] Checked if tokens are valid: true, expires at: 1743905889762
[debug] [2025-04-06T01:29:50.417Z] >>> [apiv2][query] GET https://firebase.googleapis.com/v1beta1/projects/lefulsite-aaafc/adminSdkConfig [none]
[debug] [2025-04-06T01:29:51.261Z] <<< [apiv2][status] GET https://firebase.googleapis.com/v1beta1/projects/lefulsite-aaafc/adminSdkConfig 200
[debug] [2025-04-06T01:29:51.262Z] <<< [apiv2][body] GET https://firebase.googleapis.com/v1beta1/projects/lefulsite-aaafc/adminSdkConfig {"projectId":"lefulsite-aaafc","storageBucket":"lefulsite-aaafc.firebasestorage.app"}
[debug] [2025-04-06T01:29:51.263Z] Checked if tokens are valid: true, expires at: 1743905889762
[debug] [2025-04-06T01:29:51.263Z] Checked if tokens are valid: true, expires at: 1743905889762
[debug] [2025-04-06T01:29:51.264Z] >>> [apiv2][query] GET https://runtimeconfig.googleapis.com/v1beta1/projects/lefulsite-aaafc/configs [none]
[debug] [2025-04-06T01:29:52.648Z] <<< [apiv2][status] GET https://runtimeconfig.googleapis.com/v1beta1/projects/lefulsite-aaafc/configs 200
[debug] [2025-04-06T01:29:52.648Z] <<< [apiv2][body] GET https://runtimeconfig.googleapis.com/v1beta1/projects/lefulsite-aaafc/configs {"configs":[{"name":"projects/lefulsite-aaafc/configs/sendgrid"}]}
[debug] [2025-04-06T01:29:52.649Z] Checked if tokens are valid: true, expires at: 1743905889762
[debug] [2025-04-06T01:29:52.649Z] Checked if tokens are valid: true, expires at: 1743905889762
[debug] [2025-04-06T01:29:52.650Z] >>> [apiv2][query] GET https://runtimeconfig.googleapis.com/v1beta1/projects/lefulsite-aaafc/configs/sendgrid/variables [none]
[debug] [2025-04-06T01:29:53.128Z] <<< [apiv2][status] GET https://runtimeconfig.googleapis.com/v1beta1/projects/lefulsite-aaafc/configs/sendgrid/variables 200
[debug] [2025-04-06T01:29:53.128Z] <<< [apiv2][body] GET https://runtimeconfig.googleapis.com/v1beta1/projects/lefulsite-aaafc/configs/sendgrid/variables {"variables":[{"name":"projects/lefulsite-aaafc/configs/sendgrid/variables/key","updateTime":"2025-04-06T01:26:38.510940729Z"}]}
[debug] [2025-04-06T01:29:53.129Z] Checked if tokens are valid: true, expires at: 1743905889762
[debug] [2025-04-06T01:29:53.129Z] Checked if tokens are valid: true, expires at: 1743905889762
[debug] [2025-04-06T01:29:53.130Z] >>> [apiv2][query] GET https://runtimeconfig.googleapis.com/v1beta1/projects/lefulsite-aaafc/configs/sendgrid/variables/key [none]
[debug] [2025-04-06T01:29:54.091Z] <<< [apiv2][status] GET https://runtimeconfig.googleapis.com/v1beta1/projects/lefulsite-aaafc/configs/sendgrid/variables/key 200
[debug] [2025-04-06T01:29:54.091Z] <<< [apiv2][body] GET https://runtimeconfig.googleapis.com/v1beta1/projects/lefulsite-aaafc/configs/sendgrid/variables/key {"name":"projects/lefulsite-aaafc/configs/sendgrid/variables/key","updateTime":"2025-04-06T01:26:38.510940729Z","text":"AIzaSyDWfwBNZrUrnXEKtNOdQOLpNhAdJyGCnl4"}
[debug] [2025-04-06T01:29:54.093Z] Validating nodejs source
[debug] [2025-04-06T01:29:55.852Z] > [functions] package.json contents: {
  "name": "functions",
  "description": "Cloud Functions for Firebase",
  "scripts": {
    "serve": "firebase emulators:start --only functions",
    "shell": "firebase functions:shell",
    "start": "npm run shell",
    "deploy": "firebase deploy --only functions",
    "logs": "firebase functions:log"
  },
  "engines": {
    "node": "22"
  },
  "main": "index.js",
  "dependencies": {
    "@sendgrid/mail": "^7.7.0",
    "firebase-admin": "^12.6.0",
    "firebase-functions": "^6.3.2"
  },
  "devDependencies": {
    "firebase-functions-test": "^3.1.0"
  },
  "private": true
}
[debug] [2025-04-06T01:29:55.852Z] Building nodejs source
[info] i  functions: Loading and analyzing source code for codebase default to determine what to deploy 
[debug] [2025-04-06T01:29:55.855Z] Could not find functions.yaml. Must use http discovery
[debug] [2025-04-06T01:29:55.870Z] Found firebase-functions binary at 'C:\Users\Renan\Documents\Renan\LeFul\Sites\NOVO\siteldh\functions\node_modules\.bin\firebase-functions'
[info] Serving at port 8195

[error] API key does not start with "SG.".

[debug] [2025-04-06T01:29:57.037Z] Got response from /__/functions.yaml {"endpoints":{"sendContactEmail":{"availableMemoryMb":null,"timeoutSeconds":null,"minInstances":null,"maxInstances":null,"ingressSettings":null,"concurrency":null,"serviceAccountEmail":null,"vpc":null,"platform":"gcfv2","labels":{},"httpsTrigger":{},"entryPoint":"sendContactEmail"}},"specVersion":"v1alpha1","requiredAPIs":[],"extensions":{}}
[info] i  extensions: ensuring required API firebaseextensions.googleapis.com is enabled... 
[debug] [2025-04-06T01:30:01.131Z] Checked if tokens are valid: true, expires at: 1743905889762
[debug] [2025-04-06T01:30:01.132Z] Checked if tokens are valid: true, expires at: 1743905889762
[debug] [2025-04-06T01:30:01.132Z] >>> [apiv2][query] GET https://serviceusage.googleapis.com/v1/projects/lefulsite-aaafc/services/firebaseextensions.googleapis.com [none]
[debug] [2025-04-06T01:30:01.132Z] >>> [apiv2][(partial)header] GET https://serviceusage.googleapis.com/v1/projects/lefulsite-aaafc/services/firebaseextensions.googleapis.com x-goog-quota-user=projects/lefulsite-aaafc
[debug] [2025-04-06T01:30:02.460Z] <<< [apiv2][status] GET https://serviceusage.googleapis.com/v1/projects/lefulsite-aaafc/services/firebaseextensions.googleapis.com 200
[debug] [2025-04-06T01:30:02.460Z] <<< [apiv2][body] GET https://serviceusage.googleapis.com/v1/projects/lefulsite-aaafc/services/firebaseextensions.googleapis.com [omitted]
[warn] !  extensions: missing required API firebaseextensions.googleapis.com. Enabling now... 
[debug] [2025-04-06T01:30:02.462Z] Checked if tokens are valid: true, expires at: 1743905889762
[debug] [2025-04-06T01:30:02.463Z] Checked if tokens are valid: true, expires at: 1743905889762
[debug] [2025-04-06T01:30:02.463Z] >>> [apiv2][query] POST https://serviceusage.googleapis.com/v1/projects/lefulsite-aaafc/services/firebaseextensions.googleapis.com:enable [none]
[debug] [2025-04-06T01:30:02.463Z] >>> [apiv2][(partial)header] POST https://serviceusage.googleapis.com/v1/projects/lefulsite-aaafc/services/firebaseextensions.googleapis.com:enable x-goog-quota-user=projects/lefulsite-aaafc
[debug] [2025-04-06T01:30:03.682Z] <<< [apiv2][status] POST https://serviceusage.googleapis.com/v1/projects/lefulsite-aaafc/services/firebaseextensions.googleapis.com:enable 200
[debug] [2025-04-06T01:30:03.683Z] <<< [apiv2][body] POST https://serviceusage.googleapis.com/v1/projects/lefulsite-aaafc/services/firebaseextensions.googleapis.com:enable [omitted]
[debug] [2025-04-06T01:30:13.689Z] Checked if tokens are valid: true, expires at: 1743905889762
[debug] [2025-04-06T01:30:13.689Z] Checked if tokens are valid: true, expires at: 1743905889762
[debug] [2025-04-06T01:30:13.689Z] >>> [apiv2][query] GET https://serviceusage.googleapis.com/v1/projects/lefulsite-aaafc/services/firebaseextensions.googleapis.com [none]
[debug] [2025-04-06T01:30:13.689Z] >>> [apiv2][(partial)header] GET https://serviceusage.googleapis.com/v1/projects/lefulsite-aaafc/services/firebaseextensions.googleapis.com x-goog-quota-user=projects/lefulsite-aaafc
[debug] [2025-04-06T01:30:14.999Z] <<< [apiv2][status] GET https://serviceusage.googleapis.com/v1/projects/lefulsite-aaafc/services/firebaseextensions.googleapis.com 200
[debug] [2025-04-06T01:30:14.999Z] <<< [apiv2][body] GET https://serviceusage.googleapis.com/v1/projects/lefulsite-aaafc/services/firebaseextensions.googleapis.com [omitted]
[info] +  extensions: required API firebaseextensions.googleapis.com is enabled 
[debug] [2025-04-06T01:30:15.005Z] > command requires scopes: ["email","openid","https://www.googleapis.com/auth/cloudplatformprojects.readonly","https://www.googleapis.com/auth/firebase","https://www.googleapis.com/auth/cloud-platform"]
[debug] [2025-04-06T01:30:15.005Z] > authorizing via signed-in user (renanbinda1@gmail.com)
[debug] [2025-04-06T01:30:15.005Z] [iam] checking project lefulsite-aaafc for permissions ["firebase.projects.get","firebaseextensions.instances.list"]
[debug] [2025-04-06T01:30:15.006Z] Checked if tokens are valid: true, expires at: 1743905889762
[debug] [2025-04-06T01:30:15.006Z] Checked if tokens are valid: true, expires at: 1743905889762
[debug] [2025-04-06T01:30:15.006Z] >>> [apiv2][query] POST https://cloudresourcemanager.googleapis.com/v1/projects/lefulsite-aaafc:testIamPermissions [none]
[debug] [2025-04-06T01:30:15.006Z] >>> [apiv2][(partial)header] POST https://cloudresourcemanager.googleapis.com/v1/projects/lefulsite-aaafc:testIamPermissions x-goog-quota-user=projects/lefulsite-aaafc
[debug] [2025-04-06T01:30:15.006Z] >>> [apiv2][body] POST https://cloudresourcemanager.googleapis.com/v1/projects/lefulsite-aaafc:testIamPermissions {"permissions":["firebase.projects.get","firebaseextensions.instances.list"]}
[debug] [2025-04-06T01:30:16.149Z] <<< [apiv2][status] POST https://cloudresourcemanager.googleapis.com/v1/projects/lefulsite-aaafc:testIamPermissions 200
[debug] [2025-04-06T01:30:16.149Z] <<< [apiv2][body] POST https://cloudresourcemanager.googleapis.com/v1/projects/lefulsite-aaafc:testIamPermissions {"permissions":["firebase.projects.get","firebaseextensions.instances.list"]}
[debug] [2025-04-06T01:30:16.149Z] Checked if tokens are valid: true, expires at: 1743905889762
[debug] [2025-04-06T01:30:16.149Z] Checked if tokens are valid: true, expires at: 1743905889762
[debug] [2025-04-06T01:30:16.150Z] >>> [apiv2][query] GET https://firebaseextensions.googleapis.com/v1beta/projects/lefulsite-aaafc/instances pageSize=100&pageToken=
[debug] [2025-04-06T01:30:21.961Z] <<< [apiv2][status] GET https://firebaseextensions.googleapis.com/v1beta/projects/lefulsite-aaafc/instances 200
[debug] [2025-04-06T01:30:21.962Z] <<< [apiv2][body] GET https://firebaseextensions.googleapis.com/v1beta/projects/lefulsite-aaafc/instances {}
[info] i  functions: preparing functions directory for uploading... 
[info] i  functions: packaged C:\Users\Renan\Documents\Renan\LeFul\Sites\NOVO\siteldh\functions (62.97 KB) for uploading 
[debug] [2025-04-06T01:30:22.073Z] Checked if tokens are valid: true, expires at: 1743905889762
[debug] [2025-04-06T01:30:22.073Z] Checked if tokens are valid: true, expires at: 1743905889762
[debug] [2025-04-06T01:30:22.073Z] >>> [apiv2][query] GET https://cloudfunctions.googleapis.com/v1/projects/lefulsite-aaafc/locations/-/functions [none]
[debug] [2025-04-06T01:30:23.645Z] <<< [apiv2][status] GET https://cloudfunctions.googleapis.com/v1/projects/lefulsite-aaafc/locations/-/functions 200
[debug] [2025-04-06T01:30:23.645Z] <<< [apiv2][body] GET https://cloudfunctions.googleapis.com/v1/projects/lefulsite-aaafc/locations/-/functions {}
[debug] [2025-04-06T01:30:23.646Z] Checked if tokens are valid: true, expires at: 1743905889762
[debug] [2025-04-06T01:30:23.646Z] Checked if tokens are valid: true, expires at: 1743905889762
[debug] [2025-04-06T01:30:23.646Z] >>> [apiv2][query] GET https://cloudfunctions.googleapis.com/v2/projects/lefulsite-aaafc/locations/-/functions filter=environment%3D%22GEN_2%22
[debug] [2025-04-06T01:30:24.854Z] <<< [apiv2][status] GET https://cloudfunctions.googleapis.com/v2/projects/lefulsite-aaafc/locations/-/functions 200
[debug] [2025-04-06T01:30:24.854Z] <<< [apiv2][body] GET https://cloudfunctions.googleapis.com/v2/projects/lefulsite-aaafc/locations/-/functions {}
[info] i  functions: ensuring required API run.googleapis.com is enabled... 
[debug] [2025-04-06T01:30:24.857Z] Checked if tokens are valid: true, expires at: 1743905889762
[debug] [2025-04-06T01:30:24.857Z] Checked if tokens are valid: true, expires at: 1743905889762
[info] i  functions: ensuring required API eventarc.googleapis.com is enabled... 
[debug] [2025-04-06T01:30:24.858Z] Checked if tokens are valid: true, expires at: 1743905889762
[debug] [2025-04-06T01:30:24.858Z] Checked if tokens are valid: true, expires at: 1743905889762
[info] i  functions: ensuring required API pubsub.googleapis.com is enabled... 
[debug] [2025-04-06T01:30:24.859Z] Checked if tokens are valid: true, expires at: 1743905889762
[debug] [2025-04-06T01:30:24.859Z] Checked if tokens are valid: true, expires at: 1743905889762
[info] i  functions: ensuring required API storage.googleapis.com is enabled... 
[debug] [2025-04-06T01:30:24.859Z] Checked if tokens are valid: true, expires at: 1743905889762
[debug] [2025-04-06T01:30:24.860Z] Checked if tokens are valid: true, expires at: 1743905889762
[debug] [2025-04-06T01:30:24.860Z] >>> [apiv2][query] GET https://serviceusage.googleapis.com/v1/projects/lefulsite-aaafc/services/run.googleapis.com [none]
[debug] [2025-04-06T01:30:24.860Z] >>> [apiv2][(partial)header] GET https://serviceusage.googleapis.com/v1/projects/lefulsite-aaafc/services/run.googleapis.com x-goog-quota-user=projects/lefulsite-aaafc
[debug] [2025-04-06T01:30:24.861Z] >>> [apiv2][query] GET https://serviceusage.googleapis.com/v1/projects/lefulsite-aaafc/services/eventarc.googleapis.com [none]
[debug] [2025-04-06T01:30:24.862Z] >>> [apiv2][(partial)header] GET https://serviceusage.googleapis.com/v1/projects/lefulsite-aaafc/services/eventarc.googleapis.com x-goog-quota-user=projects/lefulsite-aaafc
[debug] [2025-04-06T01:30:24.863Z] >>> [apiv2][query] GET https://serviceusage.googleapis.com/v1/projects/lefulsite-aaafc/services/pubsub.googleapis.com [none]
[debug] [2025-04-06T01:30:24.863Z] >>> [apiv2][(partial)header] GET https://serviceusage.googleapis.com/v1/projects/lefulsite-aaafc/services/pubsub.googleapis.com x-goog-quota-user=projects/lefulsite-aaafc
[debug] [2025-04-06T01:30:24.864Z] >>> [apiv2][query] GET https://serviceusage.googleapis.com/v1/projects/lefulsite-aaafc/services/storage.googleapis.com [none]
[debug] [2025-04-06T01:30:24.864Z] >>> [apiv2][(partial)header] GET https://serviceusage.googleapis.com/v1/projects/lefulsite-aaafc/services/storage.googleapis.com x-goog-quota-user=projects/lefulsite-aaafc
[debug] [2025-04-06T01:30:26.225Z] <<< [apiv2][status] GET https://serviceusage.googleapis.com/v1/projects/lefulsite-aaafc/services/eventarc.googleapis.com 200
[debug] [2025-04-06T01:30:26.226Z] <<< [apiv2][body] GET https://serviceusage.googleapis.com/v1/projects/lefulsite-aaafc/services/eventarc.googleapis.com [omitted]
[warn] !  functions: missing required API eventarc.googleapis.com. Enabling now... 
[debug] [2025-04-06T01:30:26.228Z] Checked if tokens are valid: true, expires at: 1743905889762
[debug] [2025-04-06T01:30:26.228Z] Checked if tokens are valid: true, expires at: 1743905889762
[debug] [2025-04-06T01:30:26.228Z] >>> [apiv2][query] POST https://serviceusage.googleapis.com/v1/projects/lefulsite-aaafc/services/eventarc.googleapis.com:enable [none]
[debug] [2025-04-06T01:30:26.228Z] >>> [apiv2][(partial)header] POST https://serviceusage.googleapis.com/v1/projects/lefulsite-aaafc/services/eventarc.googleapis.com:enable x-goog-quota-user=projects/lefulsite-aaafc
[debug] [2025-04-06T01:30:26.243Z] <<< [apiv2][status] GET https://serviceusage.googleapis.com/v1/projects/lefulsite-aaafc/services/pubsub.googleapis.com 200
[debug] [2025-04-06T01:30:26.243Z] <<< [apiv2][body] GET https://serviceusage.googleapis.com/v1/projects/lefulsite-aaafc/services/pubsub.googleapis.com [omitted]
[info] +  functions: required API pubsub.googleapis.com is enabled 
[debug] [2025-04-06T01:30:26.249Z] <<< [apiv2][status] GET https://serviceusage.googleapis.com/v1/projects/lefulsite-aaafc/services/storage.googleapis.com 200
[debug] [2025-04-06T01:30:26.249Z] <<< [apiv2][body] GET https://serviceusage.googleapis.com/v1/projects/lefulsite-aaafc/services/storage.googleapis.com [omitted]
[info] +  functions: required API storage.googleapis.com is enabled 
[debug] [2025-04-06T01:30:26.253Z] <<< [apiv2][status] GET https://serviceusage.googleapis.com/v1/projects/lefulsite-aaafc/services/run.googleapis.com 200
[debug] [2025-04-06T01:30:26.253Z] <<< [apiv2][body] GET https://serviceusage.googleapis.com/v1/projects/lefulsite-aaafc/services/run.googleapis.com [omitted]
[warn] !  functions: missing required API run.googleapis.com. Enabling now... 
[debug] [2025-04-06T01:30:26.254Z] Checked if tokens are valid: true, expires at: 1743905889762
[debug] [2025-04-06T01:30:26.254Z] Checked if tokens are valid: true, expires at: 1743905889762
[debug] [2025-04-06T01:30:26.254Z] >>> [apiv2][query] POST https://serviceusage.googleapis.com/v1/projects/lefulsite-aaafc/services/run.googleapis.com:enable [none]
[debug] [2025-04-06T01:30:26.255Z] >>> [apiv2][(partial)header] POST https://serviceusage.googleapis.com/v1/projects/lefulsite-aaafc/services/run.googleapis.com:enable x-goog-quota-user=projects/lefulsite-aaafc
[debug] [2025-04-06T01:30:26.954Z] <<< [apiv2][status] POST https://serviceusage.googleapis.com/v1/projects/lefulsite-aaafc/services/eventarc.googleapis.com:enable 200
[debug] [2025-04-06T01:30:26.954Z] <<< [apiv2][body] POST https://serviceusage.googleapis.com/v1/projects/lefulsite-aaafc/services/eventarc.googleapis.com:enable [omitted]
[debug] [2025-04-06T01:30:27.668Z] <<< [apiv2][status] POST https://serviceusage.googleapis.com/v1/projects/lefulsite-aaafc/services/run.googleapis.com:enable 200
[debug] [2025-04-06T01:30:27.668Z] <<< [apiv2][body] POST https://serviceusage.googleapis.com/v1/projects/lefulsite-aaafc/services/run.googleapis.com:enable [omitted]
[debug] [2025-04-06T01:30:36.955Z] Checked if tokens are valid: true, expires at: 1743905889762
[debug] [2025-04-06T01:30:36.956Z] Checked if tokens are valid: true, expires at: 1743905889762
[debug] [2025-04-06T01:30:36.956Z] >>> [apiv2][query] GET https://serviceusage.googleapis.com/v1/projects/lefulsite-aaafc/services/eventarc.googleapis.com [none]
[debug] [2025-04-06T01:30:36.956Z] >>> [apiv2][(partial)header] GET https://serviceusage.googleapis.com/v1/projects/lefulsite-aaafc/services/eventarc.googleapis.com x-goog-quota-user=projects/lefulsite-aaafc
[debug] [2025-04-06T01:30:37.678Z] Checked if tokens are valid: true, expires at: 1743905889762
[debug] [2025-04-06T01:30:37.678Z] Checked if tokens are valid: true, expires at: 1743905889762
[debug] [2025-04-06T01:30:37.678Z] >>> [apiv2][query] GET https://serviceusage.googleapis.com/v1/projects/lefulsite-aaafc/services/run.googleapis.com [none]
[debug] [2025-04-06T01:30:37.678Z] >>> [apiv2][(partial)header] GET https://serviceusage.googleapis.com/v1/projects/lefulsite-aaafc/services/run.googleapis.com x-goog-quota-user=projects/lefulsite-aaafc
[debug] [2025-04-06T01:30:38.272Z] <<< [apiv2][status] GET https://serviceusage.googleapis.com/v1/projects/lefulsite-aaafc/services/eventarc.googleapis.com 200
[debug] [2025-04-06T01:30:38.272Z] <<< [apiv2][body] GET https://serviceusage.googleapis.com/v1/projects/lefulsite-aaafc/services/eventarc.googleapis.com [omitted]
[info] +  functions: required API eventarc.googleapis.com is enabled 
[debug] [2025-04-06T01:30:39.071Z] <<< [apiv2][status] GET https://serviceusage.googleapis.com/v1/projects/lefulsite-aaafc/services/run.googleapis.com 200
[debug] [2025-04-06T01:30:39.071Z] <<< [apiv2][body] GET https://serviceusage.googleapis.com/v1/projects/lefulsite-aaafc/services/run.googleapis.com [omitted]
[info] +  functions: required API run.googleapis.com is enabled 
[info] i  functions: generating the service identity for pubsub.googleapis.com... 
[debug] [2025-04-06T01:30:39.073Z] Checked if tokens are valid: true, expires at: 1743905889762
[debug] [2025-04-06T01:30:39.073Z] Checked if tokens are valid: true, expires at: 1743905889762
[info] i  functions: generating the service identity for eventarc.googleapis.com... 
[debug] [2025-04-06T01:30:39.073Z] Checked if tokens are valid: true, expires at: 1743905889762
[debug] [2025-04-06T01:30:39.074Z] Checked if tokens are valid: true, expires at: 1743905889762
[debug] [2025-04-06T01:30:39.074Z] >>> [apiv2][query] POST https://serviceusage.googleapis.com/v1beta1/projects/609477753752/services/pubsub.googleapis.com:generateServiceIdentity [none]
[debug] [2025-04-06T01:30:39.074Z] >>> [apiv2][query] POST https://serviceusage.googleapis.com/v1beta1/projects/609477753752/services/eventarc.googleapis.com:generateServiceIdentity [none]
[debug] [2025-04-06T01:30:40.284Z] <<< [apiv2][status] POST https://serviceusage.googleapis.com/v1beta1/projects/609477753752/services/pubsub.googleapis.com:generateServiceIdentity 200
[debug] [2025-04-06T01:30:40.284Z] <<< [apiv2][body] POST https://serviceusage.googleapis.com/v1beta1/projects/609477753752/services/pubsub.googleapis.com:generateServiceIdentity {"name":"operations/finished.DONE_OPERATION","done":true,"response":{"@type":"type.googleapis.com/google.api.serviceusage.v1beta1.ServiceIdentity","email":"service-609477753752@gcp-sa-pubsub.iam.gserviceaccount.com","uniqueId":"101104644229257739529"}}
[debug] [2025-04-06T01:30:40.285Z] <<< [apiv2][status] POST https://serviceusage.googleapis.com/v1beta1/projects/609477753752/services/eventarc.googleapis.com:generateServiceIdentity 200
[debug] [2025-04-06T01:30:40.285Z] <<< [apiv2][body] POST https://serviceusage.googleapis.com/v1beta1/projects/609477753752/services/eventarc.googleapis.com:generateServiceIdentity {"name":"operations/finished.DONE_OPERATION","done":true,"response":{"@type":"type.googleapis.com/google.api.serviceusage.v1beta1.ServiceIdentity","email":"service-609477753752@gcp-sa-eventarc.iam.gserviceaccount.com","uniqueId":"113882817858482480767"}}
[debug] [2025-04-06T01:30:40.288Z] Checked if tokens are valid: true, expires at: 1743905889762
[debug] [2025-04-06T01:30:40.288Z] Checked if tokens are valid: true, expires at: 1743905889762
[debug] [2025-04-06T01:30:40.288Z] >>> [apiv2][query] GET https://cloudresourcemanager.googleapis.com/v1/projects/lefulsite-aaafc [none]
[debug] [2025-04-06T01:30:41.476Z] <<< [apiv2][status] GET https://cloudresourcemanager.googleapis.com/v1/projects/lefulsite-aaafc 200
[debug] [2025-04-06T01:30:41.476Z] <<< [apiv2][body] GET https://cloudresourcemanager.googleapis.com/v1/projects/lefulsite-aaafc {"projectNumber":"609477753752","projectId":"lefulsite-aaafc","lifecycleState":"ACTIVE","name":"lefulsite","labels":{"firebase":"enabled","firebase-core":"disabled"},"createTime":"2025-04-03T17:14:40.213070Z"}
[debug] [2025-04-06T01:30:41.478Z] Checked if tokens are valid: true, expires at: 1743905889762
[debug] [2025-04-06T01:30:41.478Z] Checked if tokens are valid: true, expires at: 1743905889762
[debug] [2025-04-06T01:30:41.478Z] >>> [apiv2][query] GET https://cloudbilling.googleapis.com/v1/projects/lefulsite-aaafc/billingInfo [none]
[debug] [2025-04-06T01:30:43.047Z] <<< [apiv2][status] GET https://cloudbilling.googleapis.com/v1/projects/lefulsite-aaafc/billingInfo 200
[debug] [2025-04-06T01:30:43.047Z] <<< [apiv2][body] GET https://cloudbilling.googleapis.com/v1/projects/lefulsite-aaafc/billingInfo {"name":"projects/lefulsite-aaafc/billingInfo","projectId":"lefulsite-aaafc","billingAccountName":"billingAccounts/01B764-3EAB06-77B753","billingEnabled":true}
[debug] [2025-04-06T01:30:43.048Z] [functions] found 1 new HTTP functions, testing setIamPolicy permission...
[debug] [2025-04-06T01:30:43.048Z] Checked if tokens are valid: true, expires at: 1743905889762
[debug] [2025-04-06T01:30:43.048Z] Checked if tokens are valid: true, expires at: 1743905889762
[debug] [2025-04-06T01:30:43.048Z] >>> [apiv2][query] POST https://cloudresourcemanager.googleapis.com/v1/projects/lefulsite-aaafc:testIamPermissions [none]
[debug] [2025-04-06T01:30:43.048Z] >>> [apiv2][(partial)header] POST https://cloudresourcemanager.googleapis.com/v1/projects/lefulsite-aaafc:testIamPermissions x-goog-quota-user=projects/lefulsite-aaafc
[debug] [2025-04-06T01:30:43.049Z] >>> [apiv2][body] POST https://cloudresourcemanager.googleapis.com/v1/projects/lefulsite-aaafc:testIamPermissions {"permissions":["cloudfunctions.functions.setIamPolicy"]}
[debug] [2025-04-06T01:30:43.237Z] <<< [apiv2][status] POST https://cloudresourcemanager.googleapis.com/v1/projects/lefulsite-aaafc:testIamPermissions 200
[debug] [2025-04-06T01:30:43.238Z] <<< [apiv2][body] POST https://cloudresourcemanager.googleapis.com/v1/projects/lefulsite-aaafc:testIamPermissions {"permissions":["cloudfunctions.functions.setIamPolicy"]}
[debug] [2025-04-06T01:30:43.238Z] [functions] found setIamPolicy permission, proceeding with deploy
[debug] [2025-04-06T01:30:43.238Z] Checked if tokens are valid: true, expires at: 1743905889762
[debug] [2025-04-06T01:30:43.238Z] Checked if tokens are valid: true, expires at: 1743905889762
[debug] [2025-04-06T01:30:43.239Z] >>> [apiv2][query] POST https://cloudfunctions.googleapis.com/v2/projects/lefulsite-aaafc/locations/us-central1/functions:generateUploadUrl [none]
[debug] [2025-04-06T01:30:55.289Z] <<< [apiv2][status] POST https://cloudfunctions.googleapis.com/v2/projects/lefulsite-aaafc/locations/us-central1/functions:generateUploadUrl 200
[debug] [2025-04-06T01:30:55.289Z] <<< [apiv2][body] POST https://cloudfunctions.googleapis.com/v2/projects/lefulsite-aaafc/locations/us-central1/functions:generateUploadUrl {"uploadUrl":"https://storage.googleapis.com/gcf-v2-uploads-609477753752.us-central1.cloudfunctions.appspot.com/b6d00fc9-4f34-4d43-8a7a-b5e322ffd660.zip?GoogleAccessId=service-609477753752@gcf-admin-robot.iam.gserviceaccount.com&Expires=1743904855&Signature=lXgHkQJsHBqkIaHXx3sgbhQwny0nyi6HXtzFvpxHaOS8ErmeT%2Bv6Id5Jr61w72Ur2jH2eqz1Ph5shWV4q18NSBUAilSIBUtW0zWlvy365wSCScXtcAx9J9tB%2FktF3e5UNOJl6P1IDUMkcgTgptBFh1tSu%2FE49Gmswna5CSFx8wC5MSjvaqtNc10LqLm0DnZ7oKDfqtvgFfAbfcLmIzbujwpjCiED1gBqpIjSRgiYbfl%2FuCRJjCf%2BoDQDri4nWL%2BxdfPUEd5UewXWdpOjVrEet72JwoEuC3tC15LaiqOzWA6KKaodlfEuMciYy2BIOf2NsdtT65%2FzSA7MP42Zcs4b%2FQ%3D%3D","storageSource":{"bucket":"gcf-v2-uploads-609477753752.us-central1.cloudfunctions.appspot.com","object":"b6d00fc9-4f34-4d43-8a7a-b5e322ffd660.zip"}}
[debug] [2025-04-06T01:30:55.291Z] >>> [apiv2][query] PUT https://storage.googleapis.com/gcf-v2-uploads-609477753752.us-central1.cloudfunctions.appspot.com/b6d00fc9-4f34-4d43-8a7a-b5e322ffd660.zip GoogleAccessId=service-609477753752%40gcf-admin-robot.iam.gserviceaccount.com&Expires=1743904855&Signature=lXgHkQJsHBqkIaHXx3sgbhQwny0nyi6HXtzFvpxHaOS8ErmeT%2Bv6Id5Jr61w72Ur2jH2eqz1Ph5shWV4q18NSBUAilSIBUtW0zWlvy365wSCScXtcAx9J9tB%2FktF3e5UNOJl6P1IDUMkcgTgptBFh1tSu%2FE49Gmswna5CSFx8wC5MSjvaqtNc10LqLm0DnZ7oKDfqtvgFfAbfcLmIzbujwpjCiED1gBqpIjSRgiYbfl%2FuCRJjCf%2BoDQDri4nWL%2BxdfPUEd5UewXWdpOjVrEet72JwoEuC3tC15LaiqOzWA6KKaodlfEuMciYy2BIOf2NsdtT65%2FzSA7MP42Zcs4b%2FQ%3D%3D
[debug] [2025-04-06T01:30:55.291Z] >>> [apiv2][body] PUT https://storage.googleapis.com/gcf-v2-uploads-609477753752.us-central1.cloudfunctions.appspot.com/b6d00fc9-4f34-4d43-8a7a-b5e322ffd660.zip [stream]
[debug] [2025-04-06T01:30:56.372Z] <<< [apiv2][status] PUT https://storage.googleapis.com/gcf-v2-uploads-609477753752.us-central1.cloudfunctions.appspot.com/b6d00fc9-4f34-4d43-8a7a-b5e322ffd660.zip 200
[debug] [2025-04-06T01:30:56.372Z] <<< [apiv2][body] PUT https://storage.googleapis.com/gcf-v2-uploads-609477753752.us-central1.cloudfunctions.appspot.com/b6d00fc9-4f34-4d43-8a7a-b5e322ffd660.zip [omitted]
[info] +  functions: functions folder uploaded successfully 
[info] i  functions: creating Node.js 22 (2nd Gen) function sendContactEmail(us-central1)... 
[debug] [2025-04-06T01:30:56.378Z] Checked if tokens are valid: true, expires at: 1743905889762
[debug] [2025-04-06T01:30:56.378Z] Checked if tokens are valid: true, expires at: 1743905889762
[debug] [2025-04-06T01:30:56.379Z] >>> [apiv2][query] POST https://cloudfunctions.googleapis.com/v2/projects/lefulsite-aaafc/locations/us-central1/functions functionId=sendContactEmail
[debug] [2025-04-06T01:30:56.379Z] >>> [apiv2][body] POST https://cloudfunctions.googleapis.com/v2/projects/lefulsite-aaafc/locations/us-central1/functions {"name":"projects/lefulsite-aaafc/locations/us-central1/functions/sendContactEmail","buildConfig":{"runtime":"nodejs22","entryPoint":"sendContactEmail","source":{"storageSource":{"bucket":"gcf-v2-uploads-609477753752.us-central1.cloudfunctions.appspot.com","object":"b6d00fc9-4f34-4d43-8a7a-b5e322ffd660.zip"}},"environmentVariables":{"GOOGLE_NODE_RUN_SCRIPTS":""}},"serviceConfig":{"environmentVariables":{"FIREBASE_CONFIG":"{\"projectId\":\"lefulsite-aaafc\",\"storageBucket\":\"lefulsite-aaafc.firebasestorage.app\"}","GCLOUD_PROJECT":"lefulsite-aaafc","EVENTARC_CLOUD_EVENT_SOURCE":"projects/lefulsite-aaafc/locations/us-central1/services/sendContactEmail","FUNCTION_TARGET":"sendContactEmail","LOG_EXECUTION_ID":"true"},"ingressSettings":null,"timeoutSeconds":null,"serviceAccountEmail":null,"availableMemory":"256Mi","minInstanceCount":null,"maxInstanceCount":null,"maxInstanceRequestConcurrency":80,"availableCpu":"1","vpcConnector":null,"vpcConnectorEgressSettings":null},"labels":{"deployment-tool":"cli-firebase","firebase-functions-hash":"d4211541fd58b77a9fa9c9078254f4c1df3ce8b6"}}
[debug] [2025-04-06T01:30:58.669Z] <<< [apiv2][status] POST https://cloudfunctions.googleapis.com/v2/projects/lefulsite-aaafc/locations/us-central1/functions 200
[debug] [2025-04-06T01:30:58.669Z] <<< [apiv2][body] POST https://cloudfunctions.googleapis.com/v2/projects/lefulsite-aaafc/locations/us-central1/functions {"name":"projects/lefulsite-aaafc/locations/us-central1/operations/operation-1743903057198-63212123f3f14-be561675-d7625dde","metadata":{"@type":"type.googleapis.com/google.cloud.functions.v2.OperationMetadata","createTime":"2025-04-06T01:30:58.573110304Z","target":"projects/lefulsite-aaafc/locations/us-central1/functions/sendContactEmail","verb":"create","cancelRequested":false,"apiVersion":"v2"},"done":false}
[debug] [2025-04-06T01:30:58.671Z] Checked if tokens are valid: true, expires at: 1743905889762
[debug] [2025-04-06T01:30:58.671Z] Checked if tokens are valid: true, expires at: 1743905889762
[debug] [2025-04-06T01:30:58.671Z] >>> [apiv2][query] GET https://cloudfunctions.googleapis.com/v2/projects/lefulsite-aaafc/locations/us-central1/operations/operation-1743903057198-63212123f3f14-be561675-d7625dde [none]
[debug] [2025-04-06T01:30:59.603Z] <<< [apiv2][status] GET https://cloudfunctions.googleapis.com/v2/projects/lefulsite-aaafc/locations/us-central1/operations/operation-1743903057198-63212123f3f14-be561675-d7625dde 200
[debug] [2025-04-06T01:30:59.603Z] <<< [apiv2][body] GET https://cloudfunctions.googleapis.com/v2/projects/lefulsite-aaafc/locations/us-central1/operations/operation-1743903057198-63212123f3f14-be561675-d7625dde {"name":"projects/lefulsite-aaafc/locations/us-central1/operations/operation-1743903057198-63212123f3f14-be561675-d7625dde","metadata":{"@type":"type.googleapis.com/google.cloud.functions.v2.OperationMetadata","createTime":"2025-04-06T01:30:58.573110304Z","target":"projects/lefulsite-aaafc/locations/us-central1/functions/sendContactEmail","verb":"create","cancelRequested":false,"apiVersion":"v2","requestResource":{"@type":"type.googleapis.com/google.cloud.functions.v2.Function","name":"projects/lefulsite-aaafc/locations/us-central1/functions/sendContactEmail","buildConfig":{"runtime":"nodejs22","entryPoint":"sendContactEmail","source":{"storageSource":{"bucket":"gcf-v2-sources-609477753752-us-central1","object":"sendContactEmail/function-source.zip","generation":"1743903058213871"}},"environmentVariables":{"GOOGLE_NODE_RUN_SCRIPTS":""},"serviceAccount":"projects/lefulsite-aaafc/serviceAccounts/609477753752-compute@developer.gserviceaccount.com","automaticUpdatePolicy":{}},"serviceConfig":{"service":"projects/lefulsite-aaafc/locations/us-central1/services/sendcontactemail","timeoutSeconds":60,"environmentVariables":{"FIREBASE_CONFIG":"{\"projectId\":\"lefulsite-aaafc\",\"storageBucket\":\"lefulsite-aaafc.firebasestorage.app\"}","GCLOUD_PROJECT":"lefulsite-aaafc","EVENTARC_CLOUD_EVENT_SOURCE":"projects/lefulsite-aaafc/locations/us-central1/services/sendContactEmail","FUNCTION_TARGET":"sendContactEmail","LOG_EXECUTION_ID":"true"},"ingressSettings":"ALLOW_ALL","serviceAccountEmail":"609477753752-compute@developer.gserviceaccount.com","availableMemory":"256Mi","maxInstanceRequestConcurrency":80,"availableCpu":"1"},"labels":{"deployment-tool":"cli-firebase","firebase-functions-hash":"d4211541fd58b77a9fa9c9078254f4c1df3ce8b6"},"environment":"GEN_2"},"stages":[{"name":"BUILD","state":"NOT_STARTED"},{"name":"SERVICE","state":"NOT_STARTED"}],"operationType":"CREATE_FUNCTION"},"done":false}
[debug] [2025-04-06T01:31:00.109Z] [create-default-us-central1-sendContactEmail] Retrying task index 0
[debug] [2025-04-06T01:31:00.109Z] Checked if tokens are valid: true, expires at: 1743905889762
[debug] [2025-04-06T01:31:00.109Z] Checked if tokens are valid: true, expires at: 1743905889762
[debug] [2025-04-06T01:31:00.110Z] >>> [apiv2][query] GET https://cloudfunctions.googleapis.com/v2/projects/lefulsite-aaafc/locations/us-central1/operations/operation-1743903057198-63212123f3f14-be561675-d7625dde [none]
[debug] [2025-04-06T01:31:00.998Z] <<< [apiv2][status] GET https://cloudfunctions.googleapis.com/v2/projects/lefulsite-aaafc/locations/us-central1/operations/operation-1743903057198-63212123f3f14-be561675-d7625dde 200
[debug] [2025-04-06T01:31:00.998Z] <<< [apiv2][body] GET https://cloudfunctions.googleapis.com/v2/projects/lefulsite-aaafc/locations/us-central1/operations/operation-1743903057198-63212123f3f14-be561675-d7625dde {"name":"projects/lefulsite-aaafc/locations/us-central1/operations/operation-1743903057198-63212123f3f14-be561675-d7625dde","metadata":{"@type":"type.googleapis.com/google.cloud.functions.v2.OperationMetadata","createTime":"2025-04-06T01:30:58.573110304Z","target":"projects/lefulsite-aaafc/locations/us-central1/functions/sendContactEmail","verb":"create","cancelRequested":false,"apiVersion":"v2","requestResource":{"@type":"type.googleapis.com/google.cloud.functions.v2.Function","name":"projects/lefulsite-aaafc/locations/us-central1/functions/sendContactEmail","buildConfig":{"runtime":"nodejs22","entryPoint":"sendContactEmail","source":{"storageSource":{"bucket":"gcf-v2-sources-609477753752-us-central1","object":"sendContactEmail/function-source.zip","generation":"1743903058213871"}},"environmentVariables":{"GOOGLE_NODE_RUN_SCRIPTS":""},"serviceAccount":"projects/lefulsite-aaafc/serviceAccounts/609477753752-compute@developer.gserviceaccount.com","automaticUpdatePolicy":{}},"serviceConfig":{"service":"projects/lefulsite-aaafc/locations/us-central1/services/sendcontactemail","timeoutSeconds":60,"environmentVariables":{"FIREBASE_CONFIG":"{\"projectId\":\"lefulsite-aaafc\",\"storageBucket\":\"lefulsite-aaafc.firebasestorage.app\"}","GCLOUD_PROJECT":"lefulsite-aaafc","EVENTARC_CLOUD_EVENT_SOURCE":"projects/lefulsite-aaafc/locations/us-central1/services/sendContactEmail","FUNCTION_TARGET":"sendContactEmail","LOG_EXECUTION_ID":"true"},"ingressSettings":"ALLOW_ALL","serviceAccountEmail":"609477753752-compute@developer.gserviceaccount.com","availableMemory":"256Mi","maxInstanceRequestConcurrency":80,"availableCpu":"1"},"labels":{"deployment-tool":"cli-firebase","firebase-functions-hash":"d4211541fd58b77a9fa9c9078254f4c1df3ce8b6"},"environment":"GEN_2"},"stages":[{"name":"BUILD","state":"NOT_STARTED"},{"name":"SERVICE","state":"NOT_STARTED"}],"operationType":"CREATE_FUNCTION"},"done":false}
[debug] [2025-04-06T01:31:02.000Z] [create-default-us-central1-sendContactEmail] Retrying task index 0
[debug] [2025-04-06T01:31:02.000Z] Checked if tokens are valid: true, expires at: 1743905889762
[debug] [2025-04-06T01:31:02.001Z] Checked if tokens are valid: true, expires at: 1743905889762
[debug] [2025-04-06T01:31:02.001Z] >>> [apiv2][query] GET https://cloudfunctions.googleapis.com/v2/projects/lefulsite-aaafc/locations/us-central1/operations/operation-1743903057198-63212123f3f14-be561675-d7625dde [none]
[debug] [2025-04-06T01:31:02.871Z] <<< [apiv2][status] GET https://cloudfunctions.googleapis.com/v2/projects/lefulsite-aaafc/locations/us-central1/operations/operation-1743903057198-63212123f3f14-be561675-d7625dde 200
[debug] [2025-04-06T01:31:02.871Z] <<< [apiv2][body] GET https://cloudfunctions.googleapis.com/v2/projects/lefulsite-aaafc/locations/us-central1/operations/operation-1743903057198-63212123f3f14-be561675-d7625dde {"name":"projects/lefulsite-aaafc/locations/us-central1/operations/operation-1743903057198-63212123f3f14-be561675-d7625dde","metadata":{"@type":"type.googleapis.com/google.cloud.functions.v2.OperationMetadata","createTime":"2025-04-06T01:30:58.573110304Z","target":"projects/lefulsite-aaafc/locations/us-central1/functions/sendContactEmail","verb":"create","cancelRequested":false,"apiVersion":"v2","requestResource":{"@type":"type.googleapis.com/google.cloud.functions.v2.Function","name":"projects/lefulsite-aaafc/locations/us-central1/functions/sendContactEmail","buildConfig":{"runtime":"nodejs22","entryPoint":"sendContactEmail","source":{"storageSource":{"bucket":"gcf-v2-sources-609477753752-us-central1","object":"sendContactEmail/function-source.zip","generation":"1743903058213871"}},"environmentVariables":{"GOOGLE_NODE_RUN_SCRIPTS":""},"serviceAccount":"projects/lefulsite-aaafc/serviceAccounts/609477753752-compute@developer.gserviceaccount.com","automaticUpdatePolicy":{}},"serviceConfig":{"service":"projects/lefulsite-aaafc/locations/us-central1/services/sendcontactemail","timeoutSeconds":60,"environmentVariables":{"FIREBASE_CONFIG":"{\"projectId\":\"lefulsite-aaafc\",\"storageBucket\":\"lefulsite-aaafc.firebasestorage.app\"}","GCLOUD_PROJECT":"lefulsite-aaafc","EVENTARC_CLOUD_EVENT_SOURCE":"projects/lefulsite-aaafc/locations/us-central1/services/sendContactEmail","FUNCTION_TARGET":"sendContactEmail","LOG_EXECUTION_ID":"true"},"ingressSettings":"ALLOW_ALL","serviceAccountEmail":"609477753752-compute@developer.gserviceaccount.com","availableMemory":"256Mi","maxInstanceRequestConcurrency":80,"availableCpu":"1"},"labels":{"deployment-tool":"cli-firebase","firebase-functions-hash":"d4211541fd58b77a9fa9c9078254f4c1df3ce8b6"},"environment":"GEN_2"},"stages":[{"name":"BUILD","state":"NOT_STARTED"},{"name":"SERVICE","state":"NOT_STARTED"}],"operationType":"CREATE_FUNCTION"},"done":false}
[debug] [2025-04-06T01:31:04.872Z] [create-default-us-central1-sendContactEmail] Retrying task index 0
[debug] [2025-04-06T01:31:04.872Z] Checked if tokens are valid: true, expires at: 1743905889762
[debug] [2025-04-06T01:31:04.873Z] Checked if tokens are valid: true, expires at: 1743905889762
[debug] [2025-04-06T01:31:04.873Z] >>> [apiv2][query] GET https://cloudfunctions.googleapis.com/v2/projects/lefulsite-aaafc/locations/us-central1/operations/operation-1743903057198-63212123f3f14-be561675-d7625dde [none]
[debug] [2025-04-06T01:31:05.752Z] <<< [apiv2][status] GET https://cloudfunctions.googleapis.com/v2/projects/lefulsite-aaafc/locations/us-central1/operations/operation-1743903057198-63212123f3f14-be561675-d7625dde 200
[debug] [2025-04-06T01:31:05.752Z] <<< [apiv2][body] GET https://cloudfunctions.googleapis.com/v2/projects/lefulsite-aaafc/locations/us-central1/operations/operation-1743903057198-63212123f3f14-be561675-d7625dde {"name":"projects/lefulsite-aaafc/locations/us-central1/operations/operation-1743903057198-63212123f3f14-be561675-d7625dde","metadata":{"@type":"type.googleapis.com/google.cloud.functions.v2.OperationMetadata","createTime":"2025-04-06T01:30:58.573110304Z","target":"projects/lefulsite-aaafc/locations/us-central1/functions/sendContactEmail","verb":"create","cancelRequested":false,"apiVersion":"v2","requestResource":{"@type":"type.googleapis.com/google.cloud.functions.v2.Function","name":"projects/lefulsite-aaafc/locations/us-central1/functions/sendContactEmail","buildConfig":{"runtime":"nodejs22","entryPoint":"sendContactEmail","source":{"storageSource":{"bucket":"gcf-v2-sources-609477753752-us-central1","object":"sendContactEmail/function-source.zip","generation":"1743903058213871"}},"environmentVariables":{"GOOGLE_NODE_RUN_SCRIPTS":""},"serviceAccount":"projects/lefulsite-aaafc/serviceAccounts/609477753752-compute@developer.gserviceaccount.com","automaticUpdatePolicy":{}},"serviceConfig":{"service":"projects/lefulsite-aaafc/locations/us-central1/services/sendcontactemail","timeoutSeconds":60,"environmentVariables":{"FIREBASE_CONFIG":"{\"projectId\":\"lefulsite-aaafc\",\"storageBucket\":\"lefulsite-aaafc.firebasestorage.app\"}","GCLOUD_PROJECT":"lefulsite-aaafc","EVENTARC_CLOUD_EVENT_SOURCE":"projects/lefulsite-aaafc/locations/us-central1/services/sendContactEmail","FUNCTION_TARGET":"sendContactEmail","LOG_EXECUTION_ID":"true"},"ingressSettings":"ALLOW_ALL","serviceAccountEmail":"609477753752-compute@developer.gserviceaccount.com","availableMemory":"256Mi","maxInstanceRequestConcurrency":80,"availableCpu":"1"},"labels":{"deployment-tool":"cli-firebase","firebase-functions-hash":"d4211541fd58b77a9fa9c9078254f4c1df3ce8b6"},"environment":"GEN_2"},"stages":[{"name":"BUILD","state":"NOT_STARTED"},{"name":"SERVICE","state":"NOT_STARTED"}],"operationType":"CREATE_FUNCTION"},"done":false}
[debug] [2025-04-06T01:31:09.757Z] [create-default-us-central1-sendContactEmail] Retrying task index 0
[debug] [2025-04-06T01:31:09.758Z] Checked if tokens are valid: true, expires at: 1743905889762
[debug] [2025-04-06T01:31:09.758Z] Checked if tokens are valid: true, expires at: 1743905889762
[debug] [2025-04-06T01:31:09.758Z] >>> [apiv2][query] GET https://cloudfunctions.googleapis.com/v2/projects/lefulsite-aaafc/locations/us-central1/operations/operation-1743903057198-63212123f3f14-be561675-d7625dde [none]
[debug] [2025-04-06T01:31:10.631Z] <<< [apiv2][status] GET https://cloudfunctions.googleapis.com/v2/projects/lefulsite-aaafc/locations/us-central1/operations/operation-1743903057198-63212123f3f14-be561675-d7625dde 200
[debug] [2025-04-06T01:31:10.631Z] <<< [apiv2][body] GET https://cloudfunctions.googleapis.com/v2/projects/lefulsite-aaafc/locations/us-central1/operations/operation-1743903057198-63212123f3f14-be561675-d7625dde {"name":"projects/lefulsite-aaafc/locations/us-central1/operations/operation-1743903057198-63212123f3f14-be561675-d7625dde","metadata":{"@type":"type.googleapis.com/google.cloud.functions.v2.OperationMetadata","createTime":"2025-04-06T01:30:58.573110304Z","target":"projects/lefulsite-aaafc/locations/us-central1/functions/sendContactEmail","verb":"create","cancelRequested":false,"apiVersion":"v2","requestResource":{"@type":"type.googleapis.com/google.cloud.functions.v2.Function","name":"projects/lefulsite-aaafc/locations/us-central1/functions/sendContactEmail","buildConfig":{"runtime":"nodejs22","entryPoint":"sendContactEmail","source":{"storageSource":{"bucket":"gcf-v2-sources-609477753752-us-central1","object":"sendContactEmail/function-source.zip","generation":"1743903058213871"}},"environmentVariables":{"GOOGLE_NODE_RUN_SCRIPTS":""},"serviceAccount":"projects/lefulsite-aaafc/serviceAccounts/609477753752-compute@developer.gserviceaccount.com","automaticUpdatePolicy":{}},"serviceConfig":{"service":"projects/lefulsite-aaafc/locations/us-central1/services/sendcontactemail","timeoutSeconds":60,"environmentVariables":{"FIREBASE_CONFIG":"{\"projectId\":\"lefulsite-aaafc\",\"storageBucket\":\"lefulsite-aaafc.firebasestorage.app\"}","GCLOUD_PROJECT":"lefulsite-aaafc","EVENTARC_CLOUD_EVENT_SOURCE":"projects/lefulsite-aaafc/locations/us-central1/services/sendContactEmail","FUNCTION_TARGET":"sendContactEmail","LOG_EXECUTION_ID":"true"},"ingressSettings":"ALLOW_ALL","serviceAccountEmail":"609477753752-compute@developer.gserviceaccount.com","availableMemory":"256Mi","maxInstanceRequestConcurrency":80,"availableCpu":"1"},"labels":{"deployment-tool":"cli-firebase","firebase-functions-hash":"d4211541fd58b77a9fa9c9078254f4c1df3ce8b6"},"environment":"GEN_2"},"stages":[{"name":"BUILD","state":"NOT_STARTED"},{"name":"SERVICE","state":"NOT_STARTED"}],"operationType":"CREATE_FUNCTION"},"done":false}
[debug] [2025-04-06T01:31:18.637Z] [create-default-us-central1-sendContactEmail] Retrying task index 0
[debug] [2025-04-06T01:31:18.638Z] Checked if tokens are valid: true, expires at: 1743905889762
[debug] [2025-04-06T01:31:18.638Z] Checked if tokens are valid: true, expires at: 1743905889762
[debug] [2025-04-06T01:31:18.638Z] >>> [apiv2][query] GET https://cloudfunctions.googleapis.com/v2/projects/lefulsite-aaafc/locations/us-central1/operations/operation-1743903057198-63212123f3f14-be561675-d7625dde [none]
[debug] [2025-04-06T01:31:19.916Z] <<< [apiv2][status] GET https://cloudfunctions.googleapis.com/v2/projects/lefulsite-aaafc/locations/us-central1/operations/operation-1743903057198-63212123f3f14-be561675-d7625dde 200
[debug] [2025-04-06T01:31:19.917Z] <<< [apiv2][body] GET https://cloudfunctions.googleapis.com/v2/projects/lefulsite-aaafc/locations/us-central1/operations/operation-1743903057198-63212123f3f14-be561675-d7625dde {"name":"projects/lefulsite-aaafc/locations/us-central1/operations/operation-1743903057198-63212123f3f14-be561675-d7625dde","metadata":{"@type":"type.googleapis.com/google.cloud.functions.v2.OperationMetadata","createTime":"2025-04-06T01:30:58.573110304Z","target":"projects/lefulsite-aaafc/locations/us-central1/functions/sendContactEmail","verb":"create","cancelRequested":false,"apiVersion":"v2","requestResource":{"@type":"type.googleapis.com/google.cloud.functions.v2.Function","name":"projects/lefulsite-aaafc/locations/us-central1/functions/sendContactEmail","buildConfig":{"runtime":"nodejs22","entryPoint":"sendContactEmail","source":{"storageSource":{"bucket":"gcf-v2-sources-609477753752-us-central1","object":"sendContactEmail/function-source.zip","generation":"1743903058213871"}},"environmentVariables":{"GOOGLE_NODE_RUN_SCRIPTS":""},"serviceAccount":"projects/lefulsite-aaafc/serviceAccounts/609477753752-compute@developer.gserviceaccount.com","automaticUpdatePolicy":{}},"serviceConfig":{"service":"projects/lefulsite-aaafc/locations/us-central1/services/sendcontactemail","timeoutSeconds":60,"environmentVariables":{"FIREBASE_CONFIG":"{\"projectId\":\"lefulsite-aaafc\",\"storageBucket\":\"lefulsite-aaafc.firebasestorage.app\"}","GCLOUD_PROJECT":"lefulsite-aaafc","EVENTARC_CLOUD_EVENT_SOURCE":"projects/lefulsite-aaafc/locations/us-central1/services/sendContactEmail","FUNCTION_TARGET":"sendContactEmail","LOG_EXECUTION_ID":"true"},"ingressSettings":"ALLOW_ALL","serviceAccountEmail":"609477753752-compute@developer.gserviceaccount.com","availableMemory":"256Mi","maxInstanceRequestConcurrency":80,"availableCpu":"1"},"labels":{"deployment-tool":"cli-firebase","firebase-functions-hash":"d4211541fd58b77a9fa9c9078254f4c1df3ce8b6"},"environment":"GEN_2"},"stages":[{"name":"BUILD","state":"NOT_STARTED"},{"name":"SERVICE","state":"NOT_STARTED"}],"operationType":"CREATE_FUNCTION"},"done":false}
[debug] [2025-04-06T01:31:29.922Z] [create-default-us-central1-sendContactEmail] Retrying task index 0
[debug] [2025-04-06T01:31:29.922Z] Checked if tokens are valid: true, expires at: 1743905889762
[debug] [2025-04-06T01:31:29.922Z] Checked if tokens are valid: true, expires at: 1743905889762
[debug] [2025-04-06T01:31:29.923Z] >>> [apiv2][query] GET https://cloudfunctions.googleapis.com/v2/projects/lefulsite-aaafc/locations/us-central1/operations/operation-1743903057198-63212123f3f14-be561675-d7625dde [none]
[debug] [2025-04-06T01:31:31.143Z] <<< [apiv2][status] GET https://cloudfunctions.googleapis.com/v2/projects/lefulsite-aaafc/locations/us-central1/operations/operation-1743903057198-63212123f3f14-be561675-d7625dde 200
[debug] [2025-04-06T01:31:31.144Z] <<< [apiv2][body] GET https://cloudfunctions.googleapis.com/v2/projects/lefulsite-aaafc/locations/us-central1/operations/operation-1743903057198-63212123f3f14-be561675-d7625dde {"name":"projects/lefulsite-aaafc/locations/us-central1/operations/operation-1743903057198-63212123f3f14-be561675-d7625dde","metadata":{"@type":"type.googleapis.com/google.cloud.functions.v2.OperationMetadata","createTime":"2025-04-06T01:30:58.573110304Z","target":"projects/lefulsite-aaafc/locations/us-central1/functions/sendContactEmail","verb":"create","cancelRequested":false,"apiVersion":"v2","requestResource":{"@type":"type.googleapis.com/google.cloud.functions.v2.Function","name":"projects/lefulsite-aaafc/locations/us-central1/functions/sendContactEmail","buildConfig":{"runtime":"nodejs22","entryPoint":"sendContactEmail","source":{"storageSource":{"bucket":"gcf-v2-sources-609477753752-us-central1","object":"sendContactEmail/function-source.zip","generation":"1743903058213871"}},"environmentVariables":{"GOOGLE_NODE_RUN_SCRIPTS":""},"serviceAccount":"projects/lefulsite-aaafc/serviceAccounts/609477753752-compute@developer.gserviceaccount.com","automaticUpdatePolicy":{}},"serviceConfig":{"service":"projects/lefulsite-aaafc/locations/us-central1/services/sendcontactemail","timeoutSeconds":60,"environmentVariables":{"FIREBASE_CONFIG":"{\"projectId\":\"lefulsite-aaafc\",\"storageBucket\":\"lefulsite-aaafc.firebasestorage.app\"}","GCLOUD_PROJECT":"lefulsite-aaafc","EVENTARC_CLOUD_EVENT_SOURCE":"projects/lefulsite-aaafc/locations/us-central1/services/sendContactEmail","FUNCTION_TARGET":"sendContactEmail","LOG_EXECUTION_ID":"true"},"ingressSettings":"ALLOW_ALL","serviceAccountEmail":"609477753752-compute@developer.gserviceaccount.com","availableMemory":"256Mi","maxInstanceRequestConcurrency":80,"availableCpu":"1"},"labels":{"deployment-tool":"cli-firebase","firebase-functions-hash":"d4211541fd58b77a9fa9c9078254f4c1df3ce8b6"},"environment":"GEN_2"},"stages":[{"name":"BUILD","state":"NOT_STARTED"},{"name":"SERVICE","state":"NOT_STARTED"}],"operationType":"CREATE_FUNCTION"},"done":false}
[debug] [2025-04-06T01:31:41.153Z] [create-default-us-central1-sendContactEmail] Retrying task index 0
[debug] [2025-04-06T01:31:41.154Z] Checked if tokens are valid: true, expires at: 1743905889762
[debug] [2025-04-06T01:31:41.154Z] Checked if tokens are valid: true, expires at: 1743905889762
[debug] [2025-04-06T01:31:41.154Z] >>> [apiv2][query] GET https://cloudfunctions.googleapis.com/v2/projects/lefulsite-aaafc/locations/us-central1/operations/operation-1743903057198-63212123f3f14-be561675-d7625dde [none]
[debug] [2025-04-06T01:31:42.428Z] <<< [apiv2][status] GET https://cloudfunctions.googleapis.com/v2/projects/lefulsite-aaafc/locations/us-central1/operations/operation-1743903057198-63212123f3f14-be561675-d7625dde 200
[debug] [2025-04-06T01:31:42.429Z] <<< [apiv2][body] GET https://cloudfunctions.googleapis.com/v2/projects/lefulsite-aaafc/locations/us-central1/operations/operation-1743903057198-63212123f3f14-be561675-d7625dde {"name":"projects/lefulsite-aaafc/locations/us-central1/operations/operation-1743903057198-63212123f3f14-be561675-d7625dde","metadata":{"@type":"type.googleapis.com/google.cloud.functions.v2.OperationMetadata","createTime":"2025-04-06T01:30:58.573110304Z","target":"projects/lefulsite-aaafc/locations/us-central1/functions/sendContactEmail","verb":"create","cancelRequested":false,"apiVersion":"v2","requestResource":{"@type":"type.googleapis.com/google.cloud.functions.v2.Function","name":"projects/lefulsite-aaafc/locations/us-central1/functions/sendContactEmail","buildConfig":{"runtime":"nodejs22","entryPoint":"sendContactEmail","source":{"storageSource":{"bucket":"gcf-v2-sources-609477753752-us-central1","object":"sendContactEmail/function-source.zip","generation":"1743903058213871"}},"environmentVariables":{"GOOGLE_NODE_RUN_SCRIPTS":""},"serviceAccount":"projects/lefulsite-aaafc/serviceAccounts/609477753752-compute@developer.gserviceaccount.com","automaticUpdatePolicy":{}},"serviceConfig":{"service":"projects/lefulsite-aaafc/locations/us-central1/services/sendcontactemail","timeoutSeconds":60,"environmentVariables":{"FIREBASE_CONFIG":"{\"projectId\":\"lefulsite-aaafc\",\"storageBucket\":\"lefulsite-aaafc.firebasestorage.app\"}","GCLOUD_PROJECT":"lefulsite-aaafc","EVENTARC_CLOUD_EVENT_SOURCE":"projects/lefulsite-aaafc/locations/us-central1/services/sendContactEmail","FUNCTION_TARGET":"sendContactEmail","LOG_EXECUTION_ID":"true"},"ingressSettings":"ALLOW_ALL","serviceAccountEmail":"609477753752-compute@developer.gserviceaccount.com","availableMemory":"256Mi","maxInstanceRequestConcurrency":80,"availableCpu":"1"},"labels":{"deployment-tool":"cli-firebase","firebase-functions-hash":"d4211541fd58b77a9fa9c9078254f4c1df3ce8b6"},"environment":"GEN_2"},"stages":[{"name":"BUILD","state":"NOT_STARTED"},{"name":"SERVICE","state":"NOT_STARTED"}],"operationType":"CREATE_FUNCTION"},"done":false}
[debug] [2025-04-06T01:31:52.438Z] [create-default-us-central1-sendContactEmail] Retrying task index 0
[debug] [2025-04-06T01:31:52.438Z] Checked if tokens are valid: true, expires at: 1743905889762
[debug] [2025-04-06T01:31:52.438Z] Checked if tokens are valid: true, expires at: 1743905889762
[debug] [2025-04-06T01:31:52.439Z] >>> [apiv2][query] GET https://cloudfunctions.googleapis.com/v2/projects/lefulsite-aaafc/locations/us-central1/operations/operation-1743903057198-63212123f3f14-be561675-d7625dde [none]
[debug] [2025-04-06T01:31:53.708Z] <<< [apiv2][status] GET https://cloudfunctions.googleapis.com/v2/projects/lefulsite-aaafc/locations/us-central1/operations/operation-1743903057198-63212123f3f14-be561675-d7625dde 200
[debug] [2025-04-06T01:31:53.708Z] <<< [apiv2][body] GET https://cloudfunctions.googleapis.com/v2/projects/lefulsite-aaafc/locations/us-central1/operations/operation-1743903057198-63212123f3f14-be561675-d7625dde {"name":"projects/lefulsite-aaafc/locations/us-central1/operations/operation-1743903057198-63212123f3f14-be561675-d7625dde","metadata":{"@type":"type.googleapis.com/google.cloud.functions.v2.OperationMetadata","createTime":"2025-04-06T01:30:58.573110304Z","target":"projects/lefulsite-aaafc/locations/us-central1/functions/sendContactEmail","verb":"create","cancelRequested":false,"apiVersion":"v2","requestResource":{"@type":"type.googleapis.com/google.cloud.functions.v2.Function","name":"projects/lefulsite-aaafc/locations/us-central1/functions/sendContactEmail","buildConfig":{"runtime":"nodejs22","entryPoint":"sendContactEmail","source":{"storageSource":{"bucket":"gcf-v2-sources-609477753752-us-central1","object":"sendContactEmail/function-source.zip","generation":"1743903058213871"}},"environmentVariables":{"GOOGLE_NODE_RUN_SCRIPTS":""},"serviceAccount":"projects/lefulsite-aaafc/serviceAccounts/609477753752-compute@developer.gserviceaccount.com","automaticUpdatePolicy":{}},"serviceConfig":{"service":"projects/lefulsite-aaafc/locations/us-central1/services/sendcontactemail","timeoutSeconds":60,"environmentVariables":{"FIREBASE_CONFIG":"{\"projectId\":\"lefulsite-aaafc\",\"storageBucket\":\"lefulsite-aaafc.firebasestorage.app\"}","GCLOUD_PROJECT":"lefulsite-aaafc","EVENTARC_CLOUD_EVENT_SOURCE":"projects/lefulsite-aaafc/locations/us-central1/services/sendContactEmail","FUNCTION_TARGET":"sendContactEmail","LOG_EXECUTION_ID":"true"},"ingressSettings":"ALLOW_ALL","serviceAccountEmail":"609477753752-compute@developer.gserviceaccount.com","availableMemory":"256Mi","maxInstanceRequestConcurrency":80,"availableCpu":"1"},"labels":{"deployment-tool":"cli-firebase","firebase-functions-hash":"d4211541fd58b77a9fa9c9078254f4c1df3ce8b6"},"environment":"GEN_2"},"stages":[{"name":"BUILD","state":"NOT_STARTED"},{"name":"SERVICE","state":"NOT_STARTED"}],"operationType":"CREATE_FUNCTION"},"done":false}
[debug] [2025-04-06T01:32:03.714Z] [create-default-us-central1-sendContactEmail] Retrying task index 0
[debug] [2025-04-06T01:32:03.715Z] Checked if tokens are valid: true, expires at: 1743905889762
[debug] [2025-04-06T01:32:03.715Z] Checked if tokens are valid: true, expires at: 1743905889762
[debug] [2025-04-06T01:32:03.716Z] >>> [apiv2][query] GET https://cloudfunctions.googleapis.com/v2/projects/lefulsite-aaafc/locations/us-central1/operations/operation-1743903057198-63212123f3f14-be561675-d7625dde [none]
[debug] [2025-04-06T01:32:04.980Z] <<< [apiv2][status] GET https://cloudfunctions.googleapis.com/v2/projects/lefulsite-aaafc/locations/us-central1/operations/operation-1743903057198-63212123f3f14-be561675-d7625dde 200
[debug] [2025-04-06T01:32:04.980Z] <<< [apiv2][body] GET https://cloudfunctions.googleapis.com/v2/projects/lefulsite-aaafc/locations/us-central1/operations/operation-1743903057198-63212123f3f14-be561675-d7625dde {"name":"projects/lefulsite-aaafc/locations/us-central1/operations/operation-1743903057198-63212123f3f14-be561675-d7625dde","metadata":{"@type":"type.googleapis.com/google.cloud.functions.v2.OperationMetadata","createTime":"2025-04-06T01:30:58.573110304Z","target":"projects/lefulsite-aaafc/locations/us-central1/functions/sendContactEmail","verb":"create","cancelRequested":false,"apiVersion":"v2","requestResource":{"@type":"type.googleapis.com/google.cloud.functions.v2.Function","name":"projects/lefulsite-aaafc/locations/us-central1/functions/sendContactEmail","buildConfig":{"runtime":"nodejs22","entryPoint":"sendContactEmail","source":{"storageSource":{"bucket":"gcf-v2-sources-609477753752-us-central1","object":"sendContactEmail/function-source.zip","generation":"1743903058213871"}},"environmentVariables":{"GOOGLE_NODE_RUN_SCRIPTS":""},"serviceAccount":"projects/lefulsite-aaafc/serviceAccounts/609477753752-compute@developer.gserviceaccount.com","automaticUpdatePolicy":{}},"serviceConfig":{"service":"projects/lefulsite-aaafc/locations/us-central1/services/sendcontactemail","timeoutSeconds":60,"environmentVariables":{"FIREBASE_CONFIG":"{\"projectId\":\"lefulsite-aaafc\",\"storageBucket\":\"lefulsite-aaafc.firebasestorage.app\"}","GCLOUD_PROJECT":"lefulsite-aaafc","EVENTARC_CLOUD_EVENT_SOURCE":"projects/lefulsite-aaafc/locations/us-central1/services/sendContactEmail","FUNCTION_TARGET":"sendContactEmail","LOG_EXECUTION_ID":"true"},"ingressSettings":"ALLOW_ALL","serviceAccountEmail":"609477753752-compute@developer.gserviceaccount.com","availableMemory":"256Mi","maxInstanceRequestConcurrency":80,"availableCpu":"1"},"labels":{"deployment-tool":"cli-firebase","firebase-functions-hash":"d4211541fd58b77a9fa9c9078254f4c1df3ce8b6"},"environment":"GEN_2"},"stages":[{"name":"BUILD","state":"NOT_STARTED"},{"name":"SERVICE","state":"NOT_STARTED"}],"operationType":"CREATE_FUNCTION"},"done":false}
[debug] [2025-04-06T01:32:14.985Z] [create-default-us-central1-sendContactEmail] Retrying task index 0
[debug] [2025-04-06T01:32:14.985Z] Checked if tokens are valid: true, expires at: 1743905889762
[debug] [2025-04-06T01:32:14.985Z] Checked if tokens are valid: true, expires at: 1743905889762
[debug] [2025-04-06T01:32:14.986Z] >>> [apiv2][query] GET https://cloudfunctions.googleapis.com/v2/projects/lefulsite-aaafc/locations/us-central1/operations/operation-1743903057198-63212123f3f14-be561675-d7625dde [none]
[debug] [2025-04-06T01:32:16.271Z] <<< [apiv2][status] GET https://cloudfunctions.googleapis.com/v2/projects/lefulsite-aaafc/locations/us-central1/operations/operation-1743903057198-63212123f3f14-be561675-d7625dde 200
[debug] [2025-04-06T01:32:16.271Z] <<< [apiv2][body] GET https://cloudfunctions.googleapis.com/v2/projects/lefulsite-aaafc/locations/us-central1/operations/operation-1743903057198-63212123f3f14-be561675-d7625dde {"name":"projects/lefulsite-aaafc/locations/us-central1/operations/operation-1743903057198-63212123f3f14-be561675-d7625dde","metadata":{"@type":"type.googleapis.com/google.cloud.functions.v2.OperationMetadata","createTime":"2025-04-06T01:30:58.573110304Z","target":"projects/lefulsite-aaafc/locations/us-central1/functions/sendContactEmail","verb":"create","cancelRequested":false,"apiVersion":"v2","requestResource":{"@type":"type.googleapis.com/google.cloud.functions.v2.Function","name":"projects/lefulsite-aaafc/locations/us-central1/functions/sendContactEmail","buildConfig":{"runtime":"nodejs22","entryPoint":"sendContactEmail","source":{"storageSource":{"bucket":"gcf-v2-sources-609477753752-us-central1","object":"sendContactEmail/function-source.zip","generation":"1743903058213871"}},"environmentVariables":{"GOOGLE_NODE_RUN_SCRIPTS":""},"serviceAccount":"projects/lefulsite-aaafc/serviceAccounts/609477753752-compute@developer.gserviceaccount.com","automaticUpdatePolicy":{}},"serviceConfig":{"service":"projects/lefulsite-aaafc/locations/us-central1/services/sendcontactemail","timeoutSeconds":60,"environmentVariables":{"FIREBASE_CONFIG":"{\"projectId\":\"lefulsite-aaafc\",\"storageBucket\":\"lefulsite-aaafc.firebasestorage.app\"}","GCLOUD_PROJECT":"lefulsite-aaafc","EVENTARC_CLOUD_EVENT_SOURCE":"projects/lefulsite-aaafc/locations/us-central1/services/sendContactEmail","FUNCTION_TARGET":"sendContactEmail","LOG_EXECUTION_ID":"true"},"ingressSettings":"ALLOW_ALL","serviceAccountEmail":"609477753752-compute@developer.gserviceaccount.com","availableMemory":"256Mi","maxInstanceRequestConcurrency":80,"availableCpu":"1"},"labels":{"deployment-tool":"cli-firebase","firebase-functions-hash":"d4211541fd58b77a9fa9c9078254f4c1df3ce8b6"},"environment":"GEN_2"},"stages":[{"name":"BUILD","state":"NOT_STARTED"},{"name":"SERVICE","state":"NOT_STARTED"}],"operationType":"CREATE_FUNCTION"},"done":false}
[debug] [2025-04-06T01:32:26.284Z] [create-default-us-central1-sendContactEmail] Retrying task index 0
[debug] [2025-04-06T01:32:26.284Z] Checked if tokens are valid: true, expires at: 1743905889762
[debug] [2025-04-06T01:32:26.285Z] Checked if tokens are valid: true, expires at: 1743905889762
[debug] [2025-04-06T01:32:26.285Z] >>> [apiv2][query] GET https://cloudfunctions.googleapis.com/v2/projects/lefulsite-aaafc/locations/us-central1/operations/operation-1743903057198-63212123f3f14-be561675-d7625dde [none]
[debug] [2025-04-06T01:32:27.536Z] <<< [apiv2][status] GET https://cloudfunctions.googleapis.com/v2/projects/lefulsite-aaafc/locations/us-central1/operations/operation-1743903057198-63212123f3f14-be561675-d7625dde 200
[debug] [2025-04-06T01:32:27.537Z] <<< [apiv2][body] GET https://cloudfunctions.googleapis.com/v2/projects/lefulsite-aaafc/locations/us-central1/operations/operation-1743903057198-63212123f3f14-be561675-d7625dde {"name":"projects/lefulsite-aaafc/locations/us-central1/operations/operation-1743903057198-63212123f3f14-be561675-d7625dde","metadata":{"@type":"type.googleapis.com/google.cloud.functions.v2.OperationMetadata","createTime":"2025-04-06T01:30:58.573110304Z","target":"projects/lefulsite-aaafc/locations/us-central1/functions/sendContactEmail","verb":"create","cancelRequested":false,"apiVersion":"v2","requestResource":{"@type":"type.googleapis.com/google.cloud.functions.v2.Function","name":"projects/lefulsite-aaafc/locations/us-central1/functions/sendContactEmail","buildConfig":{"runtime":"nodejs22","entryPoint":"sendContactEmail","source":{"storageSource":{"bucket":"gcf-v2-sources-609477753752-us-central1","object":"sendContactEmail/function-source.zip","generation":"1743903058213871"}},"environmentVariables":{"GOOGLE_NODE_RUN_SCRIPTS":""},"serviceAccount":"projects/lefulsite-aaafc/serviceAccounts/609477753752-compute@developer.gserviceaccount.com","automaticUpdatePolicy":{}},"serviceConfig":{"service":"projects/lefulsite-aaafc/locations/us-central1/services/sendcontactemail","timeoutSeconds":60,"environmentVariables":{"FIREBASE_CONFIG":"{\"projectId\":\"lefulsite-aaafc\",\"storageBucket\":\"lefulsite-aaafc.firebasestorage.app\"}","GCLOUD_PROJECT":"lefulsite-aaafc","EVENTARC_CLOUD_EVENT_SOURCE":"projects/lefulsite-aaafc/locations/us-central1/services/sendContactEmail","FUNCTION_TARGET":"sendContactEmail","LOG_EXECUTION_ID":"true"},"ingressSettings":"ALLOW_ALL","serviceAccountEmail":"609477753752-compute@developer.gserviceaccount.com","availableMemory":"256Mi","maxInstanceRequestConcurrency":80,"availableCpu":"1"},"labels":{"deployment-tool":"cli-firebase","firebase-functions-hash":"d4211541fd58b77a9fa9c9078254f4c1df3ce8b6"},"environment":"GEN_2"},"stages":[{"name":"BUILD","message":"Build in progress","state":"IN_PROGRESS","resource":"projects/609477753752/locations/us-central1/builds/eca8e05e-0ea6-4d1d-9b21-9e58213d34f4","resourceUri":"https://console.cloud.google.com/cloud-build/builds;region=us-central1/eca8e05e-0ea6-4d1d-9b21-9e58213d34f4?project=609477753752"},{"name":"SERVICE","state":"NOT_STARTED"}],"operationType":"CREATE_FUNCTION","buildName":"projects/609477753752/locations/us-central1/builds/eca8e05e-0ea6-4d1d-9b21-9e58213d34f4"},"done":false}
[debug] [2025-04-06T01:32:37.547Z] [create-default-us-central1-sendContactEmail] Retrying task index 0
[debug] [2025-04-06T01:32:37.548Z] Checked if tokens are valid: true, expires at: 1743905889762
[debug] [2025-04-06T01:32:37.548Z] Checked if tokens are valid: true, expires at: 1743905889762
[debug] [2025-04-06T01:32:37.549Z] >>> [apiv2][query] GET https://cloudfunctions.googleapis.com/v2/projects/lefulsite-aaafc/locations/us-central1/operations/operation-1743903057198-63212123f3f14-be561675-d7625dde [none]
[debug] [2025-04-06T01:32:38.783Z] <<< [apiv2][status] GET https://cloudfunctions.googleapis.com/v2/projects/lefulsite-aaafc/locations/us-central1/operations/operation-1743903057198-63212123f3f14-be561675-d7625dde 200
[debug] [2025-04-06T01:32:38.784Z] <<< [apiv2][body] GET https://cloudfunctions.googleapis.com/v2/projects/lefulsite-aaafc/locations/us-central1/operations/operation-1743903057198-63212123f3f14-be561675-d7625dde {"name":"projects/lefulsite-aaafc/locations/us-central1/operations/operation-1743903057198-63212123f3f14-be561675-d7625dde","metadata":{"@type":"type.googleapis.com/google.cloud.functions.v2.OperationMetadata","createTime":"2025-04-06T01:30:58.573110304Z","target":"projects/lefulsite-aaafc/locations/us-central1/functions/sendContactEmail","verb":"create","cancelRequested":false,"apiVersion":"v2","requestResource":{"@type":"type.googleapis.com/google.cloud.functions.v2.Function","name":"projects/lefulsite-aaafc/locations/us-central1/functions/sendContactEmail","buildConfig":{"runtime":"nodejs22","entryPoint":"sendContactEmail","source":{"storageSource":{"bucket":"gcf-v2-sources-609477753752-us-central1","object":"sendContactEmail/function-source.zip","generation":"1743903058213871"}},"environmentVariables":{"GOOGLE_NODE_RUN_SCRIPTS":""},"serviceAccount":"projects/lefulsite-aaafc/serviceAccounts/609477753752-compute@developer.gserviceaccount.com","automaticUpdatePolicy":{}},"serviceConfig":{"service":"projects/lefulsite-aaafc/locations/us-central1/services/sendcontactemail","timeoutSeconds":60,"environmentVariables":{"FIREBASE_CONFIG":"{\"projectId\":\"lefulsite-aaafc\",\"storageBucket\":\"lefulsite-aaafc.firebasestorage.app\"}","GCLOUD_PROJECT":"lefulsite-aaafc","EVENTARC_CLOUD_EVENT_SOURCE":"projects/lefulsite-aaafc/locations/us-central1/services/sendContactEmail","FUNCTION_TARGET":"sendContactEmail","LOG_EXECUTION_ID":"true"},"ingressSettings":"ALLOW_ALL","serviceAccountEmail":"609477753752-compute@developer.gserviceaccount.com","availableMemory":"256Mi","maxInstanceRequestConcurrency":80,"availableCpu":"1"},"labels":{"deployment-tool":"cli-firebase","firebase-functions-hash":"d4211541fd58b77a9fa9c9078254f4c1df3ce8b6"},"environment":"GEN_2"},"stages":[{"name":"BUILD","message":"Build in progress","state":"IN_PROGRESS","resource":"projects/609477753752/locations/us-central1/builds/eca8e05e-0ea6-4d1d-9b21-9e58213d34f4","resourceUri":"https://console.cloud.google.com/cloud-build/builds;region=us-central1/eca8e05e-0ea6-4d1d-9b21-9e58213d34f4?project=609477753752"},{"name":"SERVICE","state":"NOT_STARTED"}],"operationType":"CREATE_FUNCTION","buildName":"projects/609477753752/locations/us-central1/builds/eca8e05e-0ea6-4d1d-9b21-9e58213d34f4"},"done":false}
[debug] [2025-04-06T01:32:48.786Z] [create-default-us-central1-sendContactEmail] Retrying task index 0
[debug] [2025-04-06T01:32:48.787Z] Checked if tokens are valid: true, expires at: 1743905889762
[debug] [2025-04-06T01:32:48.788Z] Checked if tokens are valid: true, expires at: 1743905889762
[debug] [2025-04-06T01:32:48.788Z] >>> [apiv2][query] GET https://cloudfunctions.googleapis.com/v2/projects/lefulsite-aaafc/locations/us-central1/operations/operation-1743903057198-63212123f3f14-be561675-d7625dde [none]
[debug] [2025-04-06T01:32:50.070Z] <<< [apiv2][status] GET https://cloudfunctions.googleapis.com/v2/projects/lefulsite-aaafc/locations/us-central1/operations/operation-1743903057198-63212123f3f14-be561675-d7625dde 200
[debug] [2025-04-06T01:32:50.070Z] <<< [apiv2][body] GET https://cloudfunctions.googleapis.com/v2/projects/lefulsite-aaafc/locations/us-central1/operations/operation-1743903057198-63212123f3f14-be561675-d7625dde {"name":"projects/lefulsite-aaafc/locations/us-central1/operations/operation-1743903057198-63212123f3f14-be561675-d7625dde","metadata":{"@type":"type.googleapis.com/google.cloud.functions.v2.OperationMetadata","createTime":"2025-04-06T01:30:58.573110304Z","target":"projects/lefulsite-aaafc/locations/us-central1/functions/sendContactEmail","verb":"create","cancelRequested":false,"apiVersion":"v2","requestResource":{"@type":"type.googleapis.com/google.cloud.functions.v2.Function","name":"projects/lefulsite-aaafc/locations/us-central1/functions/sendContactEmail","buildConfig":{"runtime":"nodejs22","entryPoint":"sendContactEmail","source":{"storageSource":{"bucket":"gcf-v2-sources-609477753752-us-central1","object":"sendContactEmail/function-source.zip","generation":"1743903058213871"}},"environmentVariables":{"GOOGLE_NODE_RUN_SCRIPTS":""},"serviceAccount":"projects/lefulsite-aaafc/serviceAccounts/609477753752-compute@developer.gserviceaccount.com","automaticUpdatePolicy":{}},"serviceConfig":{"service":"projects/lefulsite-aaafc/locations/us-central1/services/sendcontactemail","timeoutSeconds":60,"environmentVariables":{"FIREBASE_CONFIG":"{\"projectId\":\"lefulsite-aaafc\",\"storageBucket\":\"lefulsite-aaafc.firebasestorage.app\"}","GCLOUD_PROJECT":"lefulsite-aaafc","EVENTARC_CLOUD_EVENT_SOURCE":"projects/lefulsite-aaafc/locations/us-central1/services/sendContactEmail","FUNCTION_TARGET":"sendContactEmail","LOG_EXECUTION_ID":"true"},"ingressSettings":"ALLOW_ALL","serviceAccountEmail":"609477753752-compute@developer.gserviceaccount.com","availableMemory":"256Mi","maxInstanceRequestConcurrency":80,"availableCpu":"1"},"labels":{"deployment-tool":"cli-firebase","firebase-functions-hash":"d4211541fd58b77a9fa9c9078254f4c1df3ce8b6"},"environment":"GEN_2"},"stages":[{"name":"BUILD","message":"Build in progress","state":"IN_PROGRESS","resource":"projects/609477753752/locations/us-central1/builds/eca8e05e-0ea6-4d1d-9b21-9e58213d34f4","resourceUri":"https://console.cloud.google.com/cloud-build/builds;region=us-central1/eca8e05e-0ea6-4d1d-9b21-9e58213d34f4?project=609477753752"},{"name":"SERVICE","state":"NOT_STARTED"}],"operationType":"CREATE_FUNCTION","buildName":"projects/609477753752/locations/us-central1/builds/eca8e05e-0ea6-4d1d-9b21-9e58213d34f4"},"done":false}
[debug] [2025-04-06T01:33:00.085Z] [create-default-us-central1-sendContactEmail] Retrying task index 0
[debug] [2025-04-06T01:33:00.085Z] Checked if tokens are valid: true, expires at: 1743905889762
[debug] [2025-04-06T01:33:00.086Z] Checked if tokens are valid: true, expires at: 1743905889762
[debug] [2025-04-06T01:33:00.086Z] >>> [apiv2][query] GET https://cloudfunctions.googleapis.com/v2/projects/lefulsite-aaafc/locations/us-central1/operations/operation-1743903057198-63212123f3f14-be561675-d7625dde [none]
[debug] [2025-04-06T01:33:01.330Z] <<< [apiv2][status] GET https://cloudfunctions.googleapis.com/v2/projects/lefulsite-aaafc/locations/us-central1/operations/operation-1743903057198-63212123f3f14-be561675-d7625dde 200
[debug] [2025-04-06T01:33:01.330Z] <<< [apiv2][body] GET https://cloudfunctions.googleapis.com/v2/projects/lefulsite-aaafc/locations/us-central1/operations/operation-1743903057198-63212123f3f14-be561675-d7625dde {"name":"projects/lefulsite-aaafc/locations/us-central1/operations/operation-1743903057198-63212123f3f14-be561675-d7625dde","metadata":{"@type":"type.googleapis.com/google.cloud.functions.v2.OperationMetadata","createTime":"2025-04-06T01:30:58.573110304Z","target":"projects/lefulsite-aaafc/locations/us-central1/functions/sendContactEmail","verb":"create","cancelRequested":false,"apiVersion":"v2","requestResource":{"@type":"type.googleapis.com/google.cloud.functions.v2.Function","name":"projects/lefulsite-aaafc/locations/us-central1/functions/sendContactEmail","buildConfig":{"runtime":"nodejs22","entryPoint":"sendContactEmail","source":{"storageSource":{"bucket":"gcf-v2-sources-609477753752-us-central1","object":"sendContactEmail/function-source.zip","generation":"1743903058213871"}},"environmentVariables":{"GOOGLE_NODE_RUN_SCRIPTS":""},"serviceAccount":"projects/lefulsite-aaafc/serviceAccounts/609477753752-compute@developer.gserviceaccount.com","automaticUpdatePolicy":{}},"serviceConfig":{"service":"projects/lefulsite-aaafc/locations/us-central1/services/sendcontactemail","timeoutSeconds":60,"environmentVariables":{"FIREBASE_CONFIG":"{\"projectId\":\"lefulsite-aaafc\",\"storageBucket\":\"lefulsite-aaafc.firebasestorage.app\"}","GCLOUD_PROJECT":"lefulsite-aaafc","EVENTARC_CLOUD_EVENT_SOURCE":"projects/lefulsite-aaafc/locations/us-central1/services/sendContactEmail","FUNCTION_TARGET":"sendContactEmail","LOG_EXECUTION_ID":"true"},"ingressSettings":"ALLOW_ALL","serviceAccountEmail":"609477753752-compute@developer.gserviceaccount.com","availableMemory":"256Mi","maxInstanceRequestConcurrency":80,"availableCpu":"1"},"labels":{"deployment-tool":"cli-firebase","firebase-functions-hash":"d4211541fd58b77a9fa9c9078254f4c1df3ce8b6"},"environment":"GEN_2"},"stages":[{"name":"BUILD","message":"Build in progress","state":"IN_PROGRESS","resource":"projects/609477753752/locations/us-central1/builds/eca8e05e-0ea6-4d1d-9b21-9e58213d34f4","resourceUri":"https://console.cloud.google.com/cloud-build/builds;region=us-central1/eca8e05e-0ea6-4d1d-9b21-9e58213d34f4?project=609477753752"},{"name":"SERVICE","state":"NOT_STARTED"}],"operationType":"CREATE_FUNCTION","buildName":"projects/609477753752/locations/us-central1/builds/eca8e05e-0ea6-4d1d-9b21-9e58213d34f4"},"done":false}
[debug] [2025-04-06T01:33:11.331Z] [create-default-us-central1-sendContactEmail] Retrying task index 0
[debug] [2025-04-06T01:33:11.332Z] Checked if tokens are valid: true, expires at: 1743905889762
[debug] [2025-04-06T01:33:11.332Z] Checked if tokens are valid: true, expires at: 1743905889762
[debug] [2025-04-06T01:33:11.332Z] >>> [apiv2][query] GET https://cloudfunctions.googleapis.com/v2/projects/lefulsite-aaafc/locations/us-central1/operations/operation-1743903057198-63212123f3f14-be561675-d7625dde [none]
[debug] [2025-04-06T01:33:12.586Z] <<< [apiv2][status] GET https://cloudfunctions.googleapis.com/v2/projects/lefulsite-aaafc/locations/us-central1/operations/operation-1743903057198-63212123f3f14-be561675-d7625dde 200
[debug] [2025-04-06T01:33:12.587Z] <<< [apiv2][body] GET https://cloudfunctions.googleapis.com/v2/projects/lefulsite-aaafc/locations/us-central1/operations/operation-1743903057198-63212123f3f14-be561675-d7625dde {"name":"projects/lefulsite-aaafc/locations/us-central1/operations/operation-1743903057198-63212123f3f14-be561675-d7625dde","metadata":{"@type":"type.googleapis.com/google.cloud.functions.v2.OperationMetadata","createTime":"2025-04-06T01:30:58.573110304Z","target":"projects/lefulsite-aaafc/locations/us-central1/functions/sendContactEmail","verb":"create","cancelRequested":false,"apiVersion":"v2","requestResource":{"@type":"type.googleapis.com/google.cloud.functions.v2.Function","name":"projects/lefulsite-aaafc/locations/us-central1/functions/sendContactEmail","buildConfig":{"runtime":"nodejs22","entryPoint":"sendContactEmail","source":{"storageSource":{"bucket":"gcf-v2-sources-609477753752-us-central1","object":"sendContactEmail/function-source.zip","generation":"1743903058213871"}},"environmentVariables":{"GOOGLE_NODE_RUN_SCRIPTS":""},"serviceAccount":"projects/lefulsite-aaafc/serviceAccounts/609477753752-compute@developer.gserviceaccount.com","automaticUpdatePolicy":{}},"serviceConfig":{"service":"projects/lefulsite-aaafc/locations/us-central1/services/sendcontactemail","timeoutSeconds":60,"environmentVariables":{"FIREBASE_CONFIG":"{\"projectId\":\"lefulsite-aaafc\",\"storageBucket\":\"lefulsite-aaafc.firebasestorage.app\"}","GCLOUD_PROJECT":"lefulsite-aaafc","EVENTARC_CLOUD_EVENT_SOURCE":"projects/lefulsite-aaafc/locations/us-central1/services/sendContactEmail","FUNCTION_TARGET":"sendContactEmail","LOG_EXECUTION_ID":"true"},"ingressSettings":"ALLOW_ALL","serviceAccountEmail":"609477753752-compute@developer.gserviceaccount.com","availableMemory":"256Mi","maxInstanceRequestConcurrency":80,"availableCpu":"1"},"labels":{"deployment-tool":"cli-firebase","firebase-functions-hash":"d4211541fd58b77a9fa9c9078254f4c1df3ce8b6"},"environment":"GEN_2"},"stages":[{"name":"BUILD","message":"Build finished","state":"COMPLETE","resource":"projects/609477753752/locations/us-central1/builds/eca8e05e-0ea6-4d1d-9b21-9e58213d34f4","resourceUri":"https://console.cloud.google.com/cloud-build/builds;region=us-central1/eca8e05e-0ea6-4d1d-9b21-9e58213d34f4?project=609477753752"},{"name":"SERVICE","message":"Creating Cloud Run service","state":"IN_PROGRESS","resource":"projects/lefulsite-aaafc/locations/us-central1/services/sendcontactemail","resourceUri":"https://console.cloud.google.com/run/detail/us-central1/sendcontactemail?project=lefulsite-aaafc"}],"sourceToken":"Cldwcm9qZWN0cy82MDk0Nzc3NTM3NTIvbG9jYXRpb25zL3VzLWNlbnRyYWwxL2J1aWxkcy9lY2E4ZTA1ZS0wZWE2LTRkMWQtOWIyMS05ZTU4MjEzZDM0ZjQSdXVzLWNlbnRyYWwxLWRvY2tlci5wa2cuZGV2L2xlZnVsc2l0ZS1hYWFmYy9nY2YtYXJ0aWZhY3RzL2xlZnVsc2l0ZS0tYWFhZmNfX3VzLS1jZW50cmFsMV9fc2VuZF9jb250YWN0X2VtYWlsOnZlcnNpb25fMRiY99G93hEiSXByb2plY3RzL2xlZnVsc2l0ZS1hYWFmYy9sb2NhdGlvbnMvdXMtY2VudHJhbDEvZnVuY3Rpb25zL3NlbmRDb250YWN0RW1haWwqCwjVs8e/BhDQ1vYyMghub2RlanMyMjp2CiNnY3IuaW8vZ2FlLXJ1bnRpbWVzL25vZGVqczIyOnN0YWJsZRJPdXMtY2VudHJhbDEtZG9ja2VyLnBrZy5kZXYvc2VydmVybGVzcy1ydW50aW1lcy9nb29nbGUtMjItZnVsbC9ydW50aW1lcy9ub2RlanMyMkAB","operationType":"CREATE_FUNCTION","buildName":"projects/609477753752/locations/us-central1/builds/eca8e05e-0ea6-4d1d-9b21-9e58213d34f4"},"done":false}
[debug] [2025-04-06T01:33:12.587Z] Got source token Cldwcm9qZWN0cy82MDk0Nzc3NTM3NTIvbG9jYXRpb25zL3VzLWNlbnRyYWwxL2J1aWxkcy9lY2E4ZTA1ZS0wZWE2LTRkMWQtOWIyMS05ZTU4MjEzZDM0ZjQSdXVzLWNlbnRyYWwxLWRvY2tlci5wa2cuZGV2L2xlZnVsc2l0ZS1hYWFmYy9nY2YtYXJ0aWZhY3RzL2xlZnVsc2l0ZS0tYWFhZmNfX3VzLS1jZW50cmFsMV9fc2VuZF9jb250YWN0X2VtYWlsOnZlcnNpb25fMRiY99G93hEiSXByb2plY3RzL2xlZnVsc2l0ZS1hYWFmYy9sb2NhdGlvbnMvdXMtY2VudHJhbDEvZnVuY3Rpb25zL3NlbmRDb250YWN0RW1haWwqCwjVs8e/BhDQ1vYyMghub2RlanMyMjp2CiNnY3IuaW8vZ2FlLXJ1bnRpbWVzL25vZGVqczIyOnN0YWJsZRJPdXMtY2VudHJhbDEtZG9ja2VyLnBrZy5kZXYvc2VydmVybGVzcy1ydW50aW1lcy9nb29nbGUtMjItZnVsbC9ydW50aW1lcy9ub2RlanMyMkAB for region us-central1
[debug] [2025-04-06T01:33:22.597Z] [create-default-us-central1-sendContactEmail] Retrying task index 0
[debug] [2025-04-06T01:33:22.597Z] Checked if tokens are valid: true, expires at: 1743905889762
[debug] [2025-04-06T01:33:22.598Z] Checked if tokens are valid: true, expires at: 1743905889762
[debug] [2025-04-06T01:33:22.598Z] >>> [apiv2][query] GET https://cloudfunctions.googleapis.com/v2/projects/lefulsite-aaafc/locations/us-central1/operations/operation-1743903057198-63212123f3f14-be561675-d7625dde [none]
[debug] [2025-04-06T01:33:23.857Z] <<< [apiv2][status] GET https://cloudfunctions.googleapis.com/v2/projects/lefulsite-aaafc/locations/us-central1/operations/operation-1743903057198-63212123f3f14-be561675-d7625dde 200
[debug] [2025-04-06T01:33:23.857Z] <<< [apiv2][body] GET https://cloudfunctions.googleapis.com/v2/projects/lefulsite-aaafc/locations/us-central1/operations/operation-1743903057198-63212123f3f14-be561675-d7625dde {"name":"projects/lefulsite-aaafc/locations/us-central1/operations/operation-1743903057198-63212123f3f14-be561675-d7625dde","metadata":{"@type":"type.googleapis.com/google.cloud.functions.v2.OperationMetadata","createTime":"2025-04-06T01:30:58.573110304Z","target":"projects/lefulsite-aaafc/locations/us-central1/functions/sendContactEmail","verb":"create","cancelRequested":false,"apiVersion":"v2","requestResource":{"@type":"type.googleapis.com/google.cloud.functions.v2.Function","name":"projects/lefulsite-aaafc/locations/us-central1/functions/sendContactEmail","buildConfig":{"runtime":"nodejs22","entryPoint":"sendContactEmail","source":{"storageSource":{"bucket":"gcf-v2-sources-609477753752-us-central1","object":"sendContactEmail/function-source.zip","generation":"1743903058213871"}},"environmentVariables":{"GOOGLE_NODE_RUN_SCRIPTS":""},"serviceAccount":"projects/lefulsite-aaafc/serviceAccounts/609477753752-compute@developer.gserviceaccount.com","automaticUpdatePolicy":{}},"serviceConfig":{"service":"projects/lefulsite-aaafc/locations/us-central1/services/sendcontactemail","timeoutSeconds":60,"environmentVariables":{"FIREBASE_CONFIG":"{\"projectId\":\"lefulsite-aaafc\",\"storageBucket\":\"lefulsite-aaafc.firebasestorage.app\"}","GCLOUD_PROJECT":"lefulsite-aaafc","EVENTARC_CLOUD_EVENT_SOURCE":"projects/lefulsite-aaafc/locations/us-central1/services/sendContactEmail","FUNCTION_TARGET":"sendContactEmail","LOG_EXECUTION_ID":"true"},"ingressSettings":"ALLOW_ALL","serviceAccountEmail":"609477753752-compute@developer.gserviceaccount.com","availableMemory":"256Mi","maxInstanceRequestConcurrency":80,"availableCpu":"1"},"labels":{"deployment-tool":"cli-firebase","firebase-functions-hash":"d4211541fd58b77a9fa9c9078254f4c1df3ce8b6"},"environment":"GEN_2"},"stages":[{"name":"BUILD","message":"Build finished","state":"COMPLETE","resource":"projects/609477753752/locations/us-central1/builds/eca8e05e-0ea6-4d1d-9b21-9e58213d34f4","resourceUri":"https://console.cloud.google.com/cloud-build/builds;region=us-central1/eca8e05e-0ea6-4d1d-9b21-9e58213d34f4?project=609477753752"},{"name":"SERVICE","message":"Creating Cloud Run service","state":"IN_PROGRESS","resource":"projects/lefulsite-aaafc/locations/us-central1/services/sendcontactemail","resourceUri":"https://console.cloud.google.com/run/detail/us-central1/sendcontactemail?project=lefulsite-aaafc"}],"sourceToken":"Cldwcm9qZWN0cy82MDk0Nzc3NTM3NTIvbG9jYXRpb25zL3VzLWNlbnRyYWwxL2J1aWxkcy9lY2E4ZTA1ZS0wZWE2LTRkMWQtOWIyMS05ZTU4MjEzZDM0ZjQSdXVzLWNlbnRyYWwxLWRvY2tlci5wa2cuZGV2L2xlZnVsc2l0ZS1hYWFmYy9nY2YtYXJ0aWZhY3RzL2xlZnVsc2l0ZS0tYWFhZmNfX3VzLS1jZW50cmFsMV9fc2VuZF9jb250YWN0X2VtYWlsOnZlcnNpb25fMRiY99G93hEiSXByb2plY3RzL2xlZnVsc2l0ZS1hYWFmYy9sb2NhdGlvbnMvdXMtY2VudHJhbDEvZnVuY3Rpb25zL3NlbmRDb250YWN0RW1haWwqCwjVs8e/BhDQ1vYyMghub2RlanMyMjp2CiNnY3IuaW8vZ2FlLXJ1bnRpbWVzL25vZGVqczIyOnN0YWJsZRJPdXMtY2VudHJhbDEtZG9ja2VyLnBrZy5kZXYvc2VydmVybGVzcy1ydW50aW1lcy9nb29nbGUtMjItZnVsbC9ydW50aW1lcy9ub2RlanMyMkAB","operationType":"CREATE_FUNCTION","buildName":"projects/609477753752/locations/us-central1/builds/eca8e05e-0ea6-4d1d-9b21-9e58213d34f4"},"done":false}
[debug] [2025-04-06T01:33:23.857Z] Got source token Cldwcm9qZWN0cy82MDk0Nzc3NTM3NTIvbG9jYXRpb25zL3VzLWNlbnRyYWwxL2J1aWxkcy9lY2E4ZTA1ZS0wZWE2LTRkMWQtOWIyMS05ZTU4MjEzZDM0ZjQSdXVzLWNlbnRyYWwxLWRvY2tlci5wa2cuZGV2L2xlZnVsc2l0ZS1hYWFmYy9nY2YtYXJ0aWZhY3RzL2xlZnVsc2l0ZS0tYWFhZmNfX3VzLS1jZW50cmFsMV9fc2VuZF9jb250YWN0X2VtYWlsOnZlcnNpb25fMRiY99G93hEiSXByb2plY3RzL2xlZnVsc2l0ZS1hYWFmYy9sb2NhdGlvbnMvdXMtY2VudHJhbDEvZnVuY3Rpb25zL3NlbmRDb250YWN0RW1haWwqCwjVs8e/BhDQ1vYyMghub2RlanMyMjp2CiNnY3IuaW8vZ2FlLXJ1bnRpbWVzL25vZGVqczIyOnN0YWJsZRJPdXMtY2VudHJhbDEtZG9ja2VyLnBrZy5kZXYvc2VydmVybGVzcy1ydW50aW1lcy9nb29nbGUtMjItZnVsbC9ydW50aW1lcy9ub2RlanMyMkAB for region us-central1
[debug] [2025-04-06T01:33:33.857Z] [create-default-us-central1-sendContactEmail] Retrying task index 0
[debug] [2025-04-06T01:33:33.857Z] Checked if tokens are valid: true, expires at: 1743905889762
[debug] [2025-04-06T01:33:33.857Z] Checked if tokens are valid: true, expires at: 1743905889762
[debug] [2025-04-06T01:33:33.858Z] >>> [apiv2][query] GET https://cloudfunctions.googleapis.com/v2/projects/lefulsite-aaafc/locations/us-central1/operations/operation-1743903057198-63212123f3f14-be561675-d7625dde [none]
[debug] [2025-04-06T01:33:35.089Z] <<< [apiv2][status] GET https://cloudfunctions.googleapis.com/v2/projects/lefulsite-aaafc/locations/us-central1/operations/operation-1743903057198-63212123f3f14-be561675-d7625dde 200
[debug] [2025-04-06T01:33:35.089Z] <<< [apiv2][body] GET https://cloudfunctions.googleapis.com/v2/projects/lefulsite-aaafc/locations/us-central1/operations/operation-1743903057198-63212123f3f14-be561675-d7625dde {"name":"projects/lefulsite-aaafc/locations/us-central1/operations/operation-1743903057198-63212123f3f14-be561675-d7625dde","metadata":{"@type":"type.googleapis.com/google.cloud.functions.v2.OperationMetadata","createTime":"2025-04-06T01:30:58.573110304Z","endTime":"2025-04-06T01:33:31.885879203Z","target":"projects/lefulsite-aaafc/locations/us-central1/functions/sendContactEmail","verb":"create","cancelRequested":false,"apiVersion":"v2","requestResource":{"@type":"type.googleapis.com/google.cloud.functions.v2.Function","name":"projects/lefulsite-aaafc/locations/us-central1/functions/sendContactEmail","buildConfig":{"runtime":"nodejs22","entryPoint":"sendContactEmail","source":{"storageSource":{"bucket":"gcf-v2-sources-609477753752-us-central1","object":"sendContactEmail/function-source.zip","generation":"1743903058213871"}},"environmentVariables":{"GOOGLE_NODE_RUN_SCRIPTS":""},"serviceAccount":"projects/lefulsite-aaafc/serviceAccounts/609477753752-compute@developer.gserviceaccount.com","automaticUpdatePolicy":{}},"serviceConfig":{"service":"projects/lefulsite-aaafc/locations/us-central1/services/sendcontactemail","timeoutSeconds":60,"environmentVariables":{"FIREBASE_CONFIG":"{\"projectId\":\"lefulsite-aaafc\",\"storageBucket\":\"lefulsite-aaafc.firebasestorage.app\"}","GCLOUD_PROJECT":"lefulsite-aaafc","EVENTARC_CLOUD_EVENT_SOURCE":"projects/lefulsite-aaafc/locations/us-central1/services/sendContactEmail","FUNCTION_TARGET":"sendContactEmail","LOG_EXECUTION_ID":"true"},"ingressSettings":"ALLOW_ALL","serviceAccountEmail":"609477753752-compute@developer.gserviceaccount.com","availableMemory":"256Mi","maxInstanceRequestConcurrency":80,"availableCpu":"1"},"labels":{"deployment-tool":"cli-firebase","firebase-functions-hash":"d4211541fd58b77a9fa9c9078254f4c1df3ce8b6"},"environment":"GEN_2"},"stages":[{"name":"BUILD","message":"Build finished","state":"COMPLETE","resource":"projects/609477753752/locations/us-central1/builds/eca8e05e-0ea6-4d1d-9b21-9e58213d34f4","resourceUri":"https://console.cloud.google.com/cloud-build/builds;region=us-central1/eca8e05e-0ea6-4d1d-9b21-9e58213d34f4?project=609477753752"},{"name":"SERVICE","message":"Creating Cloud Run service","state":"COMPLETE","resource":"projects/lefulsite-aaafc/locations/us-central1/services/sendcontactemail","resourceUri":"https://console.cloud.google.com/run/detail/us-central1/sendcontactemail?project=lefulsite-aaafc"}],"sourceToken":"Cldwcm9qZWN0cy82MDk0Nzc3NTM3NTIvbG9jYXRpb25zL3VzLWNlbnRyYWwxL2J1aWxkcy9lY2E4ZTA1ZS0wZWE2LTRkMWQtOWIyMS05ZTU4MjEzZDM0ZjQSdXVzLWNlbnRyYWwxLWRvY2tlci5wa2cuZGV2L2xlZnVsc2l0ZS1hYWFmYy9nY2YtYXJ0aWZhY3RzL2xlZnVsc2l0ZS0tYWFhZmNfX3VzLS1jZW50cmFsMV9fc2VuZF9jb250YWN0X2VtYWlsOnZlcnNpb25fMRiY99G93hEiSXByb2plY3RzL2xlZnVsc2l0ZS1hYWFmYy9sb2NhdGlvbnMvdXMtY2VudHJhbDEvZnVuY3Rpb25zL3NlbmRDb250YWN0RW1haWwqCwjVs8e/BhDQ1vYyMghub2RlanMyMjp2CiNnY3IuaW8vZ2FlLXJ1bnRpbWVzL25vZGVqczIyOnN0YWJsZRJPdXMtY2VudHJhbDEtZG9ja2VyLnBrZy5kZXYvc2VydmVybGVzcy1ydW50aW1lcy9nb29nbGUtMjItZnVsbC9ydW50aW1lcy9ub2RlanMyMkAB","operationType":"CREATE_FUNCTION","buildName":"projects/609477753752/locations/us-central1/builds/eca8e05e-0ea6-4d1d-9b21-9e58213d34f4"},"done":true,"response":{"@type":"type.googleapis.com/google.cloud.functions.v2.Function","name":"projects/lefulsite-aaafc/locations/us-central1/functions/sendContactEmail","buildConfig":{"build":"projects/609477753752/locations/us-central1/builds/eca8e05e-0ea6-4d1d-9b21-9e58213d34f4","runtime":"nodejs22","entryPoint":"sendContactEmail","source":{"storageSource":{"bucket":"gcf-v2-sources-609477753752-us-central1","object":"sendContactEmail/function-source.zip","generation":"1743903058213871"}},"environmentVariables":{"GOOGLE_NODE_RUN_SCRIPTS":""},"dockerRepository":"projects/lefulsite-aaafc/locations/us-central1/repositories/gcf-artifacts","sourceProvenance":{"resolvedStorageSource":{"bucket":"gcf-v2-sources-609477753752-us-central1","object":"sendContactEmail/function-source.zip","generation":"1743903058213871"}},"dockerRegistry":"ARTIFACT_REGISTRY","serviceAccount":"projects/lefulsite-aaafc/serviceAccounts/609477753752-compute@developer.gserviceaccount.com","automaticUpdatePolicy":{}},"serviceConfig":{"service":"projects/lefulsite-aaafc/locations/us-central1/services/sendcontactemail","timeoutSeconds":60,"environmentVariables":{"FIREBASE_CONFIG":"{\"projectId\":\"lefulsite-aaafc\",\"storageBucket\":\"lefulsite-aaafc.firebasestorage.app\"}","GCLOUD_PROJECT":"lefulsite-aaafc","EVENTARC_CLOUD_EVENT_SOURCE":"projects/lefulsite-aaafc/locations/us-central1/services/sendContactEmail","FUNCTION_TARGET":"sendContactEmail","LOG_EXECUTION_ID":"true"},"maxInstanceCount":100,"ingressSettings":"ALLOW_ALL","uri":"https://sendcontactemail-zsl7mk7siq-uc.a.run.app","serviceAccountEmail":"609477753752-compute@developer.gserviceaccount.com","availableMemory":"256Mi","allTrafficOnLatestRevision":true,"revision":"sendcontactemail-00001-xam","maxInstanceRequestConcurrency":80,"availableCpu":"1"},"state":"ACTIVE","updateTime":"2025-04-06T01:30:58.568175594Z","labels":{"firebase-functions-hash":"d4211541fd58b77a9fa9c9078254f4c1df3ce8b6","deployment-tool":"cli-firebase"},"environment":"GEN_2","url":"https://us-central1-lefulsite-aaafc.cloudfunctions.net/sendContactEmail","createTime":"2025-04-06T01:30:58.568175594Z","satisfiesPzi":true}}
[debug] [2025-04-06T01:33:35.089Z] Got source token Cldwcm9qZWN0cy82MDk0Nzc3NTM3NTIvbG9jYXRpb25zL3VzLWNlbnRyYWwxL2J1aWxkcy9lY2E4ZTA1ZS0wZWE2LTRkMWQtOWIyMS05ZTU4MjEzZDM0ZjQSdXVzLWNlbnRyYWwxLWRvY2tlci5wa2cuZGV2L2xlZnVsc2l0ZS1hYWFmYy9nY2YtYXJ0aWZhY3RzL2xlZnVsc2l0ZS0tYWFhZmNfX3VzLS1jZW50cmFsMV9fc2VuZF9jb250YWN0X2VtYWlsOnZlcnNpb25fMRiY99G93hEiSXByb2plY3RzL2xlZnVsc2l0ZS1hYWFmYy9sb2NhdGlvbnMvdXMtY2VudHJhbDEvZnVuY3Rpb25zL3NlbmRDb250YWN0RW1haWwqCwjVs8e/BhDQ1vYyMghub2RlanMyMjp2CiNnY3IuaW8vZ2FlLXJ1bnRpbWVzL25vZGVqczIyOnN0YWJsZRJPdXMtY2VudHJhbDEtZG9ja2VyLnBrZy5kZXYvc2VydmVybGVzcy1ydW50aW1lcy9nb29nbGUtMjItZnVsbC9ydW50aW1lcy9ub2RlanMyMkAB for region us-central1
[debug] [2025-04-06T01:33:35.090Z] Checked if tokens are valid: true, expires at: 1743905889762
[debug] [2025-04-06T01:33:35.090Z] Checked if tokens are valid: true, expires at: 1743905889762
[debug] [2025-04-06T01:33:35.090Z] >>> [apiv2][query] POST https://run.googleapis.com/v1/projects/lefulsite-aaafc/locations/us-central1/services/sendcontactemail:setIamPolicy [none]
[debug] [2025-04-06T01:33:35.090Z] >>> [apiv2][body] POST https://run.googleapis.com/v1/projects/lefulsite-aaafc/locations/us-central1/services/sendcontactemail:setIamPolicy {"policy":{"bindings":[{"role":"roles/run.invoker","members":["allUsers"]}],"etag":"","version":3},"updateMask":"bindings,etag,version"}
[debug] [2025-04-06T01:33:36.726Z] <<< [apiv2][status] POST https://run.googleapis.com/v1/projects/lefulsite-aaafc/locations/us-central1/services/sendcontactemail:setIamPolicy 200
[debug] [2025-04-06T01:33:36.726Z] <<< [apiv2][body] POST https://run.googleapis.com/v1/projects/lefulsite-aaafc/locations/us-central1/services/sendcontactemail:setIamPolicy {"version":1,"etag":"BwYyEhvAc2E=","bindings":[{"role":"roles/run.invoker","members":["allUsers"]}]}
[info] +  functions[sendContactEmail(us-central1)] Successful create operation. 
[debug] [2025-04-06T01:33:36.732Z] Total Function Deployment time: 160352
[debug] [2025-04-06T01:33:36.732Z] 1 Functions Deployed
[debug] [2025-04-06T01:33:36.733Z] 0 Functions Errored
[debug] [2025-04-06T01:33:36.733Z] 0 Function Deployments Aborted
[debug] [2025-04-06T01:33:36.733Z] Average Function Deployment time: 160351
[info] Function URL (sendContactEmail(us-central1)): https://us-central1-lefulsite-aaafc.cloudfunctions.net/sendContactEmail
[debug] [2025-04-06T01:33:37.243Z] Checked if tokens are valid: true, expires at: 1743905889762
[debug] [2025-04-06T01:33:37.243Z] Checked if tokens are valid: true, expires at: 1743905889762
[debug] [2025-04-06T01:33:37.243Z] >>> [apiv2][query] GET https://artifactregistry.googleapis.com/v1/projects/lefulsite-aaafc/locations/us-central1/repositories/gcf-artifacts [none]
[debug] [2025-04-06T01:33:38.813Z] <<< [apiv2][status] GET https://artifactregistry.googleapis.com/v1/projects/lefulsite-aaafc/locations/us-central1/repositories/gcf-artifacts 200
[debug] [2025-04-06T01:33:38.813Z] <<< [apiv2][body] GET https://artifactregistry.googleapis.com/v1/projects/lefulsite-aaafc/locations/us-central1/repositories/gcf-artifacts {"name":"projects/lefulsite-aaafc/locations/us-central1/repositories/gcf-artifacts","format":"DOCKER","description":"This repository is created and used by Cloud Functions for storing function docker images.","labels":{"goog-managed-by":"cloudfunctions"},"createTime":"2025-04-06T01:32:17.545299Z","updateTime":"2025-04-06T01:33:06.333985Z","mode":"STANDARD_REPOSITORY","sizeBytes":"94794599","vulnerabilityScanningConfig":{"lastEnableTime":"2025-04-06T01:32:08.424306357Z","enablementState":"SCANNING_DISABLED","enablementStateReason":"API containerscanning.googleapis.com is not enabled."},"satisfiesPzi":true,"registryUri":"us-central1-docker.pkg.dev/lefulsite-aaafc/gcf-artifacts"}
[warn] !  functions: No cleanup policy detected for repositories in us-central1. This may result in a small monthly bill as container images accumulate over time. 
